subject;group;david_expl_1;david_expl_2;david_expl_3;david_expl_4;david_expl_5;david_expl_6;david_expl_7;david_expl_8;david_expl_9;david_expl_10;david_expl_11;david_expl_12;david_expl_13;david_expl_14;david_expl_15;david_expl_16;david_expl_17;david_expl_18;david_expl_19;david_expl_20;mc_a;mc_b;mc_c;mc_d;mc_e;mc_f;mc_g;mc_h;mc_i;mc_j;sex;bildung;migration;religion;as_1;as_2;as_3;as_4;as_5;as_6;as_7;as_8;as_9;as_10;as_11;as_12;as_13;as_14;uv_jew;uv_hol;mc_a_correct;mc_b_stereotype;mc_c_correct;mc_d_correct;mc_e_correct;mc_f_correct;mc_g_correct;mc_h_correct;mc_i_correct;mc_j_correct;mc_correct;mc_jew;mc_hol;as_2r;as_4r;as_7r;as;expl_warmth;expl_comp;age_groups
7;1;4;1;4;4;3;5;4;3;3;4;4;4;2;5;4;3;2;4;3;4;1;2;2;2;1;3;2;1;2;3;1;3;1;1;5;7;1;6;2;2;4;2;2;2;1;1;4;3;1;0;1;0;1;1;0;1;0;1;0;1;,666666666666667;1;1;1;2;4;2,07692307692308;4;4;1
13;1;4;2;5;5;3;5;3;5;4;4;4;5;2;4;4;5;2;4;4;5;1;4;2;2;3;3;1;1;3;3;1;3;1;3;1;7;2;6;2;1;1;1;1;3;1;1;1;2;1;0;1;0;1;1;1;1;1;1;1;1;1;1;1;1;2;7;1,92307692307692;5;4,25;2
19;1;4;1;4;4;4;4;4;5;3;4;3;4;5;4;4;5;2;2;4;5;1;3;2;2;3;3;1;1;3;3;1;3;0;0;5;7;1;7;3;1;2;1;1;1;1;1;5;2;1;0;1;1;1;1;1;1;1;1;1;1;1;1;1;1;1;6;1,92307692307692;4,4;3,25;3
48;1;4;1;5;4;3;4;4;5;4;4;4;4;3;4;5;4;2;4;3;5;1;3;2;2;3;3;1;1;3;3;1;3;0;1;3;4;2;4;1;1;6;1;1;1;1;1;3;1;1;0;1;1;1;1;1;1;1;1;1;1;1;1;1;4;4;2;1,76923076923077;4,4;4,25;3
49;1;3;1;4;3;3;4;4;4;3;5;4;4;4;4;3;5;2;2;4;4;1;4;2;2;1;3;3;1;3;3;2;3;0;1;6;2;5;3;5;6;2;6;6;6;6;4;6;6;1;0;1;0;1;1;0;1;0;1;1;1;,777777777777778;1;1;6;5;6;5,61538461538462;3,8;3,25;3
62;1;3;1;3;3;4;4;2;3;3;5;3;3;4;4;4;4;2;3;4;4;1;4;2;2;1;3;1;1;3;3;2;3;1;1;2;4;1;3;1;2;1;1;1;1;4;2;2;6;1;0;1;0;1;1;0;1;1;1;1;1;,888888888888889;1;1;4;5;7;2,84615384615385;3,4;3;1
72;1;4;1;5;4;3;4;4;5;4;3;4;5;2;5;5;5;1;4;3;4;1;4;2;2;3;3;1;1;3;3;2;3;0;1;6;6;3;3;2;3;4;2;1;1;6;2;2;4;1;0;1;0;1;1;1;1;1;1;1;1;1;1;1;2;5;4;2,84615384615385;4,4;4,25;1
75;1;3;1;4;4;2;5;4;5;4;4;4;5;4;5;5;5;2;2;5;5;1;4;2;2;3;3;3;1;3;3;1;3;0;2;6;7;1;7;2;1;7;2;1;2;1;1;3;5;1;0;1;0;1;1;1;1;0;1;1;1;,888888888888889;1;1;1;1;1;1,69230769230769;4,8;3,25;3
78;1;4;1;5;5;5;5;5;4;4;3;4;4;3;5;5;4;3;3;5;5;1;3;2;2;3;3;1;1;3;3;2;3;0;2;7;7;1;7;6;5;4;1;1;1;1;1;6;7;1;0;1;1;1;1;1;1;1;1;1;1;1;1;1;1;1;4;2,76923076923077;4,6;4;1
104;1;4;1;5;3;2;5;3;3;2;5;5;3;2;4;1;4;2;5;3;5;1;3;2;2;3;3;1;1;3;3;1;3;0;2;3;7;1;7;1;1;6;1;1;1;1;1;1;1;1;0;1;1;1;1;1;1;1;1;1;1;1;1;1;1;1;2;1,07692307692308;3,8;4,75;3
108;1;3;4;4;2;2;4;4;3;1;5;4;3;3;3;1;4;3;3;4;3;1;4;4;2;3;3;3;1;1;3;1;3;0;1;4;5;3;3;3;3;3;3;5;5;5;4;5;5;1;0;1;0;0;1;1;1;0;1;0;1;,666666666666667;1;1;3;5;5;4,15384615384615;3;3,5;2
109;1;3;1;4;5;4;4;4;4;4;4;4;4;4;4;4;4;2;3;4;4;1;2;2;2;3;3;1;1;3;3;1;3;1;3;4;7;3;6;4;2;2;2;2;4;5;2;2;4;1;0;1;0;1;1;1;1;1;1;1;1;1;1;1;1;2;6;3;4,2;3,5;2
113;1;4;1;4;4;3;4;4;4;3;3;4;3;3;4;4;3;3;3;3;4;1;3;2;2;3;3;1;1;3;3;1;3;1;0;5;4;1;3;2;2;2;3;2;1;1;1;2;3;1;0;1;1;1;1;1;1;1;1;1;1;1;1;1;4;5;6;2,53846153846154;3,8;3,75;2
114;1;4;1;5;4;1;5;4;5;2;5;5;4;2;4;3;5;1;4;5;5;2;3;2;2;3;3;1;1;3;3;2;3;0;2;3;7;1;6;4;2;5;2;1;1;1;1;5;1;1;0;0;1;1;1;1;1;1;1;1;1;,888888888888889;1;1;1;2;3;1,92307692307692;4,6;4,5;1
201;1;4;1;4;5;4;4;4;5;4;5;4;5;1;5;5;4;1;3;3;4;1;4;2;2;3;3;1;1;3;3;1;3;0;1;5;7;1;6;3;1;4;1;1;2;1;1;2;3;1;0;1;0;1;1;1;1;1;1;1;1;1;1;1;1;2;4;1,76923076923077;4,6;3,75;1
213;1;4;1;5;4;3;4;4;5;3;2;5;4;4;4;5;3;2;4;2;4;1;3;2;2;3;3;1;1;3;3;1;3;0;1;4;7;2;6;2;1;6;2;1;4;1;1;2;4;1;0;1;1;1;1;1;1;1;1;1;1;1;1;1;1;2;2;1,92307692307692;4,2;4,5;1
214;1;3;1;4;5;4;5;4;5;5;5;4;5;3;4;5;5;2;3;4;4;1;4;2;2;3;3;1;1;3;3;1;4;1;9;3;3;4;5;4;5;5;5;4;4;6;4;4;6;1;0;1;0;1;1;1;1;1;1;1;1;1;1;1;5;3;3;4,38461538461539;4,8;3,5;3
8;2;4;2;3;3;2;5;4;4;3;4;4;4;2;4;3;4;2;3;4;4;2;2;2;3;3;3;1;1;3;3;1;3;0;1;6;6;3;3;3;2;3;3;4;3;4;1;3;5;1;1;0;0;1;1;1;1;1;1;1;1;,888888888888889;1;1;2;5;5;3,30769230769231;4;3,5;3
20;2;3;1;3;3;3;4;3;5;5;3;4;4;5;5;5;3;2;3;2;4;1;3;2;3;3;3;1;1;3;3;1;4;1;9;5;7;5;7;4;4;4;4;1;3;1;1;2;5;1;1;1;1;1;1;1;1;1;1;1;1;1;1;1;1;1;4;2,76923076923077;4;3,25;3
21;2;3;2;3;3;3;4;3;3;3;3;3;3;3;4;4;3;3;2;3;4;1;3;2;3;3;3;1;1;3;3;1;3;0;2;6;6;4;4;5;3;3;3;5;5;3;2;2;2;1;1;1;1;1;1;1;1;1;1;1;1;1;1;1;2;4;5;3,46153846153846;3,4;2,75;3
44;2;4;2;4;3;2;4;3;4;2;5;3;4;3;5;3;4;2;3;4;4;1;3;2;3;3;3;1;1;3;3;1;4;0;0;5;7;1;7;1;1;6;1;1;1;1;1;1;1;1;1;1;1;1;1;1;1;1;1;1;1;1;1;1;1;1;2;1,07692307692308;3,8;3,5;2
46;2;5;3;5;5;2;5;4;5;5;5;5;5;5;5;5;5;1;1;5;5;1;2;1;3;3;3;1;1;3;3;1;3;1;0;7;7;1;1;1;1;4;4;1;1;1;2;4;5;1;1;1;0;0;1;1;1;1;1;1;1;,888888888888889;1;1;1;7;4;2,53846153846154;5;4;3
51;2;4;1;4;3;2;5;4;5;3;4;5;5;2;4;4;4;1;4;3;4;1;2;2;3;3;3;1;1;2;3;1;3;0;2;5;6;1;3;3;3;3;2;3;3;6;2;1;4;1;1;1;0;1;1;1;1;1;1;0;1;,888888888888889;1;1;2;5;5;3,07692307692308;4,4;4,25;1
60;2;4;1;5;4;4;4;4;4;4;4;4;4;5;4;3;3;2;3;3;3;1;4;2;3;1;3;1;1;3;3;1;4;0;1;6;7;1;6;3;2;7;2;2;2;2;1;2;3;1;1;1;0;1;1;0;1;1;1;1;1;,888888888888889;1;1;1;2;1;1,84615384615385;3,8;4;2
61;2;4;1;4;3;3;4;4;4;2;3;4;4;4;5;4;4;2;3;4;4;1;2;2;3;3;3;1;1;3;3;2;3;0;1;5;7;3;5;2;3;1;2;3;1;2;2;3;4;1;1;1;0;1;1;1;1;1;1;1;1;1;1;1;1;3;7;2,76923076923077;3,8;3,75;2
63;2;5;2;4;4;2;3;4;3;3;3;4;4;4;3;3;4;1;5;4;4;1;2;2;3;3;3;2;1;2;3;1;4;1;0;5;7;4;5;6;5;3;4;2;2;2;1;2;7;1;1;1;0;1;1;1;1;0;1;0;1;,777777777777778;1;1;1;3;5;3,38461538461538;3,6;4,5;3
64;2;5;1;5;5;3;5;5;5;5;5;5;5;2;5;4;5;1;4;5;5;1;3;2;3;3;3;1;1;3;3;1;4;0;1;5;7;1;7;1;1;1;1;1;1;1;1;5;5;1;1;1;1;1;1;1;1;1;1;1;1;1;1;1;1;1;7;2,07692307692308;5;4,75;3
68;2;4;2;4;4;4;5;4;3;3;3;3;4;4;3;3;4;3;2;3;3;1;3;2;3;3;3;1;1;3;3;2;3;0;1;4;7;1;5;2;3;5;2;2;2;2;1;1;2;1;1;1;1;1;1;1;1;1;1;1;1;1;1;1;1;3;3;1,92307692307692;3,8;3,25;2
69;2;4;1;4;5;3;5;4;5;2;5;5;5;5;4;5;4;1;4;3;4;1;2;2;3;3;3;1;1;3;3;1;9;0;2;6;7;1;7;1;1;1;1;1;1;3;1;4;6;1;1;1;0;1;1;1;1;1;1;1;1;1;1;1;1;1;7;2,23076923076923;4,8;4,25;1
70;2;3;1;3;4;4;4;3;4;3;3;3;4;2;4;4;3;1;3;5;4;1;3;2;3;3;3;1;1;3;3;2;3;0;0;5;7;1;5;1;1;1;1;1;1;1;1;1;1;1;1;1;1;1;1;1;1;1;1;1;1;1;1;1;1;3;7;1,61538461538462;4;3;1
76;2;3;2;4;3;3;3;4;3;3;3;3;4;3;4;3;3;3;4;3;3;1;2;2;3;1;3;1;1;3;3;2;3;0;2;6;6;3;4;2;3;1;3;3;3;4;4;3;5;1;1;1;0;1;1;0;1;1;1;1;1;,888888888888889;1;1;2;4;7;3,53846153846154;3,2;3,5;2
102;2;3;4;5;2;2;4;5;3;2;5;5;2;4;4;3;4;2;4;4;5;1;3;2;3;2;3;1;1;3;3;1;3;0;2;5;7;1;6;3;1;6;1;1;2;1;1;3;5;1;1;1;1;1;1;0;1;1;1;1;1;,888888888888889;1;1;1;2;2;1,84615384615385;3,2;4,25;1
111;2;4;1;4;4;3;4;4;5;4;3;5;5;2;5;4;3;2;3;3;5;3;3;2;3;3;3;2;1;3;3;1;3;0;1;6;7;1;4;1;1;6;1;1;1;1;1;2;2;1;1;0;1;1;1;1;1;0;1;1;1;,777777777777778;1;1;1;4;2;1,46153846153846;4,6;4;1
117;2;4;2;5;5;4;4;5;5;3;5;4;4;4;4;3;5;2;4;4;5;1;2;2;3;3;3;1;1;3;3;1;3;0;2;7;7;1;6;2;3;3;2;2;3;1;1;5;5;1;1;1;0;1;1;1;1;1;1;1;1;1;1;1;1;2;5;2,53846153846154;4,6;4,25;1
2;3;4;1;4;4;4;4;4;4;4;3;4;4;1;5;5;4;1;3;3;4;1;1;2;2;3;2;1;1;1;1;1;9;0;2;2;7;1;4;2;2;6;2;1;1;2;1;4;2;0;0;1;0;1;1;1;1;1;1;0;1;,888888888888889;1;1;1;4;2;1,92307692307692;4;3,75;3
11;3;4;1;3;3;3;3;5;4;4;5;4;3;5;5;5;3;3;3;3;4;2;4;2;2;3;2;1;1;3;1;2;3;0;1;2;7;1;4;4;1;2;1;1;1;1;1;5;5;0;0;0;0;1;1;1;1;1;1;1;1;,888888888888889;1;1;1;4;6;2,46153846153846;3,4;3,5;3
14;3;3;1;5;5;4;5;5;5;5;5;5;5;3;5;5;5;2;3;4;5;3;4;2;2;3;2;1;1;1;1;1;3;0;1;6;7;1;2;1;1;5;1;1;1;2;1;4;3;0;0;0;0;1;1;1;1;1;1;0;1;,777777777777778;1;1;1;6;3;2;5;4;1
16;3;3;4;4;4;3;4;3;5;2;5;3;4;4;4;4;3;2;3;5;4;1;4;2;2;3;2;1;1;3;1;1;3;0;1;5;7;1;6;3;2;3;1;1;2;1;1;3;3;0;0;1;0;1;1;1;1;1;1;1;1;1;1;1;1;2;5;2;4,2;3,25;2
17;3;2;1;4;4;4;4;2;5;2;5;5;5;2;4;5;5;1;3;3;5;4;4;2;2;3;2;2;1;3;1;1;3;0;0;1;7;4;6;1;2;7;1;1;1;1;1;6;6;0;0;0;0;1;1;1;1;0;1;1;1;,777777777777778;1;1;1;2;1;2,15384615384615;4,6;3,5;3
18;3;4;1;4;4;3;4;4;5;4;4;4;3;4;4;5;4;2;3;3;4;1;4;2;2;3;2;1;1;3;1;1;3;0;1;5;5;2;5;4;3;5;2;4;5;1;2;5;4;0;0;1;0;1;1;1;1;1;1;1;1;1;1;1;3;3;3;3,15384615384615;4;3,75;1
43;3;5;1;5;5;3;5;4;4;3;5;5;5;5;5;4;4;2;3;3;4;1;4;2;2;3;2;3;1;3;1;1;3;0;1;5;6;2;5;1;3;3;3;3;2;4;2;3;5;0;0;1;0;1;1;1;1;0;1;1;1;,888888888888889;1;1;2;3;5;2,92307692307692;4,6;4,5;1
50;3;4;2;4;5;4;4;4;4;3;4;4;4;3;5;4;4;2;3;5;4;1;4;2;2;2;2;2;2;4;1;1;3;1;1;5;7;1;6;2;1;6;1;1;1;1;1;5;1;0;0;1;0;1;1;0;1;0;0;0;1;,555555555555556;1;1;1;2;2;1,53846153846154;4,2;3,75;1
53;3;4;1;5;4;3;5;4;5;3;5;4;4;4;4;4;3;4;3;4;5;1;4;2;2;3;2;1;3;1;1;1;3;0;1;6;7;1;7;4;1;7;1;1;1;1;1;2;3;0;0;1;0;1;1;1;1;1;0;0;1;,777777777777778;1;1;1;1;1;1,46153846153846;4,6;4;1
67;3;4;2;5;4;4;4;4;5;3;4;4;4;2;3;2;5;2;5;3;4;1;4;2;2;2;2;2;1;1;1;2;3;0;1;5;7;1;5;4;5;2;3;4;1;1;1;5;1;0;0;1;0;1;1;0;1;0;1;0;1;,666666666666667;1;1;1;3;6;2,76923076923077;4,2;4,5;2
73;3;5;1;4;4;3;4;4;3;3;4;3;4;3;3;5;4;2;3;3;4;1;4;2;2;3;2;1;1;3;1;2;3;0;0;5;7;1;6;4;2;1;1;1;3;2;1;4;6;0;0;1;0;1;1;1;1;1;1;1;1;1;1;1;1;2;7;2,69230769230769;3,8;3,75;2
79;3;3;2;3;4;2;3;1;3;4;5;3;4;4;3;5;3;2;3;4;3;1;2;2;2;3;2;2;1;3;1;2;3;1;0;4;6;4;4;4;3;2;3;3;2;5;3;5;4;0;0;1;0;1;1;1;1;0;1;1;1;,888888888888889;1;1;2;4;6;3,69230769230769;3,4;3;2
80;3;4;1;5;4;3;3;4;5;3;4;4;5;4;4;3;4;3;4;3;4;1;4;2;2;3;2;1;1;3;1;1;3;0;1;5;4;2;6;5;3;2;3;2;2;4;2;4;5;0;0;1;0;1;1;1;1;1;1;1;1;1;1;1;4;2;6;3,38461538461538;4,2;4,25;2
106;3;3;1;4;4;3;4;4;4;3;5;4;4;3;4;4;4;3;2;4;4;1;4;2;2;3;2;1;1;3;1;1;3;1;9;5;6;2;6;5;4;3;3;3;4;2;1;4;5;0;0;1;0;1;1;1;1;1;1;1;1;1;1;1;2;2;5;3,23076923076923;4;3,25;1
112;3;2;3;3;3;1;3;3;3;2;5;3;3;3;3;2;3;2;2;3;3;1;2;2;2;3;2;1;3;3;1;1;3;0;2;3;6;1;6;1;3;6;3;5;1;3;2;5;5;0;0;1;0;1;1;1;1;1;0;1;1;,888888888888889;1;1;2;2;2;2,69230769230769;3;2,5;3
172;3;2;2;3;4;4;5;4;5;3;5;4;5;5;5;4;5;4;2;5;5;1;4;2;2;3;2;1;1;3;1;1;4;0;0;3;7;1;3;1;2;5;2;2;1;1;1;4;1;0;0;1;0;1;1;1;1;1;1;1;1;1;1;1;1;5;3;1,92307692307692;4,8;2,75;2
204;3;3;1;3;5;5;5;4;5;4;4;4;5;5;5;5;5;2;4;4;5;1;4;2;2;3;2;1;1;3;1;1;3;0;2;6;7;1;6;1;1;4;1;1;1;1;1;5;1;0;0;1;0;1;1;1;1;1;1;1;1;1;1;1;1;2;4;1,61538461538462;5;3,5;1
301;3;3;2;3;5;4;4;2;5;2;5;3;5;4;5;4;4;3;3;5;5;1;4;3;2;3;2;1;1;3;1;1;3;0;1;5;4;1;6;3;5;3;4;4;3;5;3;6;6;0;0;1;0;0;1;1;1;1;1;1;1;,888888888888889;1;1;4;2;5;3,92307692307692;4,8;3;1
15;4;4;1;3;3;2;3;3;3;2;3;3;4;4;4;3;3;3;3;4;4;1;2;2;3;3;2;1;1;3;1;1;3;0;0;5;5;3;5;3;3;4;3;3;3;3;2;3;5;0;1;1;0;1;1;1;1;1;1;1;1;1;1;1;3;3;4;3,15384615384615;3,4;3,25;3
66;4;4;2;5;4;4;5;3;4;4;3;4;4;4;4;4;4;3;4;5;4;1;4;2;3;3;2;1;1;1;1;1;3;0;0;6;7;1;6;1;2;2;2;2;2;5;1;6;4;0;1;1;0;1;1;1;1;1;1;0;1;,888888888888889;1;1;1;2;6;2,69230769230769;4,2;4,25;1
77;4;4;1;4;4;3;5;4;5;4;5;4;5;2;3;4;5;2;4;4;5;1;2;2;3;3;2;1;1;3;1;1;3;1;0;7;7;1;7;1;1;7;1;1;1;1;1;7;2;0;1;1;0;1;1;1;1;1;1;1;1;1;1;1;1;1;1;1,53846153846154;4,8;4;1
110;4;3;2;3;4;2;3;3;4;3;2;3;4;4;3;3;2;3;2;2;3;1;2;2;3;1;2;1;1;3;1;1;3;1;3;6;6;3;2;3;4;2;2;2;2;1;1;1;1;0;1;1;0;1;1;0;1;1;1;1;1;,888888888888889;1;1;2;6;6;2,61538461538462;3,6;2,75;2
115;4;2;2;4;3;2;3;3;3;3;3;3;3;4;4;4;3;3;3;4;4;1;2;2;3;2;2;1;1;3;1;1;3;1;9;2;7;4;4;3;5;1;3;4;4;4;4;4;5;0;1;1;0;1;1;0;1;1;1;1;1;,888888888888889;1;1;1;4;7;4;3,2;3;1
116;4;4;1;5;4;2;4;2;5;3;3;3;4;1;5;4;3;2;2;3;3;1;1;2;3;3;2;1;1;3;1;1;3;0;1;3;7;1;2;2;1;1;1;1;1;1;1;2;1;0;1;1;0;1;1;1;1;1;1;1;1;1;1;1;1;6;7;2;4;3,5;2
123;4;3;2;3;4;3;3;3;4;3;3;4;4;4;4;4;4;3;3;3;4;1;3;2;3;3;2;1;1;3;1;1;3;0;1;7;7;1;5;4;4;1;5;4;4;5;4;3;5;0;1;1;1;1;1;1;1;1;1;1;1;1;1;1;1;3;7;3,84615384615385;3,8;3,25;3
216;4;4;5;3;4;5;5;4;3;2;5;4;4;4;5;1;5;4;2;5;4;1;1;2;3;3;2;3;1;1;1;2;4;0;0;4;7;1;6;4;3;1;3;2;2;3;1;3;3;0;1;1;0;1;1;1;1;0;1;0;1;,777777777777778;1;1;1;2;7;2,69230769230769;4;3,25;2
304;4;5;1;4;5;3;5;2;5;4;5;4;5;5;5;5;5;2;2;4;5;1;2;2;3;3;2;1;1;3;1;1;3;0;1;5;7;1;6;1;1;1;1;1;1;1;1;1;1;0;1;1;0;1;1;1;1;1;1;1;1;1;1;1;1;2;7;1,53846153846154;5;3,75;2
