num,first_author,has_data_link,has_code_link,has_any_link,links,da_text,ca_text
2019-02,Kristal,True,True,True,https://osf.io/39rja/ https://osf.io/39rja,Coarsened data and modified materials are available at https://osf.io/39rja/ . Data and materials have been modified to protect the identity of the partner organization and its employees. Additional m,All analyses reported in this study used the statistical software R (v.3.6.1). All R files are available publicly at https://osf.io/39rja/ .
2019-03,Gagnepain,True,True,True,https://github.com/rsagroup/rsatoolbox,"All raw behavioural and imaging data are archived at the GIP Cyceron Centre in Caen. The collective memory corpus is archived at the INAthèque (Bibliothèque Nationale de France) in Paris, which has th",The text processing and topic analysis of the collective memory and Wikipedia corpora were conducted using TXM ( http://textometrie.ens-lyon.fr/ ) and MALLET ( http://mallet.cs.umass.edu/topics.php ) 
2019-04,Van de Vliert,False,False,False,,"As indicated in the Methods, all data are available for visual inspection ( Supplementary Information ) and empirical analysis. SPSS data files for preindustrial and contemporary societies can be down",The SPSS analysis scripts used in studies 1–5 are provided in the Supplementary Methods . The author is prepared to provide clarifications if needed.
2019-05,Earle,False,False,False,,All data are publicly accessible online. Data from Sample 1 can be found at https://electionstudies.org/ . Data from Sample 2 can be found at http://www.gss.norc.org/Get-The-Data . Data from Sample 3 ,
2019-06,Oh,True,True,True,https://osf.io/v2j43 https://osf.io/v2j43/ https://github.com/markallenthornton/affectr,All data and stimuli are available on Open Science Framework: https://osf.io/v2j43/ .,
2019-07,Ruck,True,True,True,https://github.com/damianruck/Cultural_foundations_of_modern_democracies,"All raw data are publicly available from the following sources: World Values Survey ( http://www.worldvaluessurvey.org/wvs.jsp ), European Values Survey ( https://europeanvaluesstudy.eu ), Madison Pro",Code used to generate regression results and plots can be found in the Github repository: https://github.com/damianruck/Cultural_foundations_of_modern_democracies .
2019-09,Bellmund,False,False,False,,The data that support the findings of this study are available from the corresponding authors on reasonable request.,The custom code that supports the findings of this study is available from the corresponding authors on reasonable request.
2019-10,Lees,True,True,True,https://osf.io/zhysa https://osf.io/zhysa/,All data that supported the findings of this study are publicly available in CSV format on the Open Science Framework: https://osf.io/zhysa/ .,All analyses reported in this study used the statistical software R (v.3.6.1). All R files are publicly available on the Open Science Framework: https://osf.io/zhysa/ .
2019-11,Schad,False,False,False,,"Source data are available for Figs. 1–6 and Supplementary Figs. 2–12 . Data sharing will be based on acceptance by the study team that: (1) a valid and timely scientific question, based on a written p",Experimental code is freely available on request to the corresponding author. Analysis code will be provided with data access.
2019-12,Ben Simon,False,False,False,,The data that support the findings of this study are available from the corresponding authors upon request.,
2019-13,Lyons,True,True,True,https://osf.io/5xayz/ https://osf.io/5xayz,The Heinz et al. data 19 are available from the Inter-University Consortium of Political and Social Research at https://www.icpsr.umich.edu/icpsrweb/ICPSR/studies/6040 . Our custom data are available ,Our custom analysis script is available in the Open Science Framework repository at https://osf.io/5xayz/.
2019-14,Awad,False,False,False,,"Raw data and source data for Figs. 2 – 4, Table 1 and Supplementary Fig. 1 are available at https://bit.ly/2kzLymH.",Code used to produce figures and tables in this article is available at https://bit.ly/2kzLymH.
2019-15,Fang,False,False,False,,The de-identified data from Intern Health Study are available through the PGC: https://www.med.unc.edu/pgc/shared-methods . PGC phase 2–UK Biobank–23andMe MDD GWAS meta-analysis summary statistics: ht,Custom code that supports the findings of this study is available from the corresponding author upon request.
2019-16,Abdellaoui,False,False,False,,This research was conducted using data from the UK Biobank resource (application number 12514) and dbGaP (accession number: phs000674 ). UK Biobank data can be accessed on request once a research proj,"Custom R code used for statistical analyses (for example, the computation of Moran’s I ) is available from the corresponding authors on request."
2019-17,Chen,True,True,True,https://github.com/cosanlab/socially_transmitted_placebo_effects/,The data that support the findings of this study are available at https://github.com/cosanlab/socially_transmitted_placebo_effects/,The code that support the findings of this study is available at https://github.com/cosanlab/socially_transmitted_placebo_effects/
2019-18,Hills,True,True,True,https://github.com/warwickpsych/NationalValenceIndex,The data necessary to reproduce the analyses presented in this article are provided at https://github.com/warwickpsych/NationalValenceIndex .,The code necessary to reproduce the analyses presented in this article is provided at https://github.com/warwickpsych/NationalValenceIndex .
2019-19,Bridgers,True,True,True,https://osf.io/wunbq https://osf.io/wunbq/,The data and analysis scripts that support the findings of this study are available at https://osf.io/wunbq/ .,Model code and full predictions can be found at https://osf.io/wunbq/ .
2019-20,Bruneau,True,True,True,https://osf.io/fwp7g https://osf.io/fwp7g/files/,The data files that support the findings of the studies are available at https://osf.io/fwp7g/files/,Custom code that supports the findings of this study is available from the corresponding author upon request.
2019-21,Ing,True,True,True,https://github.com/alexjamesing/mscca-regression-code,The IMAGEN data used in this investigation will be made available on reasonable request to the corresponding author. All other data are available on reasonable request to the appropriate study leader.,The core code used to run the analyses reported in this study are available as Supplementary Software . The supporting code can be found at: https://github.com/alexjamesing/mscca-regression-code .
2019-22,Zhou,False,False,False,,The data that support the findings of this study are available from the corresponding author upon reasonable request.,The code used to analyse the data that support the findings of this study are available from the corresponding author upon reasonable request
2019-23,House,False,False,False,,,
2019-24,Fonzo,False,False,False,,All data are publicly available through the NIMH Data Archive ( https://nda.nih.gov/edit_collection.html?id=2199 ).,Custom code that supports the findings of this study is available in the Supplementary Software section .
2019-25,Becu,False,False,False,,The datasets generated and analysed during the current study are available from the corresponding author upon request.,All custom software can be found at http://www.aging-vision-action.fr/ava_files/silversight/custom.software.zip.
2019-26,Mills,False,False,False,,The data that support the findings of this study are available from the corresponding authors upon request.,
2019-27,Smaldino,True,True,True,https://osf.io/pyhq7/ https://osf.io/pyhq7,"Our empirical analysis was performed on data previously published, which can be retrieved from Table 5 in Schmitt et al. 15 and Supplement S2 in Lukaszewski et al. 35 .","The Java code for the agent-based model, the SAS scripts used to perform the EFA and the R scripts used to generate our plots are all available on the Open Science Framework repository ( https://osf.i"
2019-28,Farashahi,False,False,False,,The data that support the findings of this study are available from the corresponding author upon request.,Custom computer codes that support the findings of this study are available from the corresponding author upon request.
2019-29,Dahl,False,False,False,,The data on which our results are based are available from the BASE-II steering committee following approval of a research proposal ( https://www.base2.mpg.de/en/project-information/data-documentation,The custom code used for these analyses is available from the corresponding authors upon request.
2019-30,Lebovich,True,True,True,https://github.com/Lior-Lebovich/ICB,"The datasets generated and analyzed during the current study are available from the corresponding author and in the ICB repository, https://github.com/Lior-Lebovich/ICB .","The custom codes used for simulations and analyses are in the ICB repository, https://github.com/Lior-Lebovich/ICB ."
2019-31,Kunst,True,True,True,https://osf.io/mn273 https://osf.io/mn273/?view_only=8d17df0542ac4f03b6673b5a3b039bca,The data for all studies presented in this research can be anonymously obtained at https://osf.io/mn273/?view_only=8d17df0542ac4f03b6673b5a3b039bca. Please note that text written to open-ended prompts,
2019-32,Regner,True,True,True,https://osf.io/umf62 https://osf.io/umf62/,Most of the data supporting the findings of this study at the committee level are available within the paper (and its Supplementary Information files). The entire dataset that supports the findings of,The code used to perform the primary analyses of the study is available from the corresponding authors upon request.
2019-33,Lieder,True,True,True,https://osf.io/h7vqy https://osf.io/h7vqy/ https://github.com/BrowenChen/Cognitive-Tools-for-Self-Mastery,The data that support the findings of this study are available at https://osf.io/h7vqy/ .,"The code used to conduct Experiment 1, Experiment 2 and its follow-up experiments is available at https://osf.io/h7vqy/ . The code used to conduct Experiment 3 and Experiment 4 is available on GitHub "
2019-34,Wood,False,False,False,,"The original data used in this study were provided to the corresponding author as part of a data-sharing agreement with the City of Chicago and the Chicago Police Department, and are prohibited from b",All analyses were carried out in R. Code for reproducing the results of this study is available from the corresponding author upon request.
2019-35,Dediu,True,True,True,https://github.com/ddediu/hard-palate-vowels,"All data, including the participant vocal tract anatomies, the MSHPS parameters and seed vowels (except for the 3D intra-oral scans, which are not provided because they may endanger our participants’ ","All the computer code of the simulations, the Rmarkdown scripts implementing the statistical analyses and plots, and a detailed ‘How-To’, are freely available in the Supplementary Information (Supplem"
2019-36,Page,False,False,False,,The data that support the findings of this study are available from the corresponding author upon request.,
2019-37,Lee,True,True,True,https://github.com/frbkrm/NtwPerceptionBias,"The three empirical data (DBLP, GitHub, APS) can be found online at https://github.com/frbkrm/NtwPerceptionBias . The network data for Brazil can be found in the data description of the study 51 publi",The Python scripts used for the generative model and empirical network analyses are available online at https://github.com/frbkrm/NtwPerceptionBias . Additional information about codes is available fr
2019-38,Chenoweth,False,False,False,,The STATA dataset that supports the findings of this study is publicly available from the Harvard Dataverse at https://doi.org/10.7910/DVN/JYM19E .,The custom code that supports the findings of this study is publicly available from the Harvard Dataverse at https://doi.org/10.7910/DVN/JYM19E .
2019-39,de Lange,False,False,False,,"The reference connectome dataset was based on data from the HCP, which are available from https://www.humanconnectome.org . The datasets ASD II, ASD III and ASD IV were obtained from the ABIDE II data",All codes used are available from the corresponding author on reasonable request.
2019-40,Evangelou,False,False,False,,The UKB GWAS data can be assessed from the UKB data repository ( https://biota.osc.ox.ac.uk/ ). The genetic and phenotypic UKB data are available through application to the UKB ( https://www.ukbiobank,
2019-41,Lebowitz,False,False,False,,The data that support the findings of this study are available from the corresponding author upon request.,
2019-42,Strimling,True,True,True,https://github.com/irinavrt/moralopinion,The MTurk data are available at https://github.com/irinavrt/moralopinion . The GSS data are available at http://gss.norc.org .,All codes used to reproduce the results of this paper are available at https://github.com/irinavrt/moralopinion .
2019-43,Rutten,False,False,False,,The stimuli and the sound representations of the stimuli (feature matrix S ) and the estimated fMRI responses (beta-weights) from a subset of the participants from this study are available as Suppleme,The code that support the findings of this study is available from the corresponding author upon reasonable request.
2019-44,Jin,True,True,True,https://github.com/chingjin/substitution.github.io,"Data necessary to reproduce the results in the manuscript are available. The datasets for automobiles, smartphone apps and scientific fields are publicly available at https://chingjin.github.io/substi",The custom code used is available at https://chingjin.github.io/substitution/ .
2019-45,Leong,True,True,True,https://github.com/ycleong/MotivatedPerception,The data that support the findings of this study are available from the corresponding author on request. Behavioural data of both the reported experiment and the in-lab replication are available at: h,The custom code for the modelling and neuroimaging analyses is included in the Supplementary Software . The live version of the code is available at https://github.com/ycleong/MotivatedPerception .
2019-46,Schmid,False,False,False,,The data supporting the findings of this study are available from the Open Science Framework ( https://doi.org/10.17605/OSF.IO/XX2KT ) 57 .,The syntax used to analyse the datasets in this study is available from the Open Science Framework ( https://doi.org/10.17605/OSF.IO/XX2KT ) 57 .
2019-47,Aylward,True,True,True,https://github.com/CCS-Lab/hBayesDM,All data used in this analysis are available on OSF at https://doi.org/10.17605/OSF.IO/UB6J7 (ref. 16 ).,"Scripts for model fitting are available on OSF at https://doi.org/10.17605/OSF.IO/UB6J7 (ref. 16 ) and in the Supplementary Software . For the hBayesDM package, please see https://github.com/CCS-Lab/h"
2019-48,Zhou,True,True,True,https://github.com/ECNU-VRLAB/Social-Interaction-Field-Model https://figshare.com/s/e860b1ee96956dbd0a5c,All data that support our findings are publicly available at https://figshare.com/s/e860b1ee96956dbd0a5c .,The code for data analysis and modelling is available at https://github.com/ECNU-VRLAB/Social-Interaction-Field-Model .
2019-49,Ziegler,False,False,False,,The data that support the findings of this study are available from the corresponding authors on reasonable request.,The code used in the analysis of EEG data reported in this paper is available from the corresponding authors on reasonable request.
2019-50,Wang,False,False,False,,The headlines of all the news stories were collected from the hot news website of Sina News Center ( http://news.sina.com.cn/hotnews/ ). We asked a commercial institution ( https://www.shenjianshou.cn,Code for the data analysis and model simulation is available at https://www.researchgate.net/publication/328783349_data_of_news . The code was run using Python 2 38 and Matlab R2015b 39 for data analy
2019-51,Korn,True,True,True,https://github.com/dnhi-lab/minimizing_threat.git,The behavioural data that support the findings of this study are publicly available at github ( https://github.com/dnhi-lab/minimizing_threat.git ) and at figshare ( https://doi.org/10.6084/m9.figshar,The code used for the analyses is available at github ( https://github.com/dnhi-lab/minimizing_threat.git ).
2019-52,Jang,False,False,False,,The behavioural data from both experiments are available from the corresponding author on request.,Custom code used to analyse and model the data is available from the corresponding author on request.
2019-53,Gomez,True,True,True,https://github.com/vistalab/vistasoft,"The data that support the findings of this study are available from the corresponding author on request. There are no restrictions on the sharing of the data, apart from allowing sufficient time to cu",Code used to preprocess and analyse MRI data in this experiment can be found at Vistasoft ( https://github.com/vistalab/vistasoft ). Remaining code used to further process the data in this experiment 
2019-54,Thomas,True,True,True,https://doi.org/10.31234/osf.io/xuwbk https://doi.org/10.31219/osf.io/rv7sn http://www.github.com/glamlab/gaze-bias-differences,All datasets are available at http://www.github.com/glamlab/gaze-bias-differences . The Folke 2016 dataset 59 is originally available at figshare: https://doi.org/10.6084/m9.figshare.3756144.v2 .,"All analyses and figures can be reproduced using the datasets, scripts and GLAM resources that are available at http://www.github.com/glamlab/gaze-bias-differences ."
2019-55,Grotzinger,True,True,True,https://github.com/MichelNivard/GenomicSEM/wiki https://github.com/MichelNivard/GenomicSEM,"The data that support the findings of this study are all publicly available. Links to the location of summary statistics, linkage disequilibrium scores, reference panel data and the code used to produ",GenomicSEM software is an R package that is available from GitHub at https://github.com/MichelNivard/GenomicSEM . The GenomicSEM R package can be installed directly at https://github.com/MichelNivard/
2019-57,Keung,True,True,True,https://github.com/janekeung129/clicks-pupil http://github.com/misun6312/PBupsModel.jl,The datasets generated and analysed during the current study are available from the corresponding author upon reasonable request.,Experiment code was created with Psychtoolbox-3 and custom MATLAB code. All behavioural and pupil analyses were created with custom MATLAB and R code. All code can be found at https://github.com/janek
2019-58,Perl,True,True,True,https://github.com/WORGOlfaction/perl-2019,The data that support the findings in this study are available from the corresponding authors on request and are also posted at https://www.weizmann.ac.il/neurobiology/worg/materials.html .,The custom MATLAB scripts used to process and visualize the data collected in this study are available at: https://github.com/WORGOlfaction/perl-2019 .
2019-59,Cowen,False,False,False,,"The 2,519 speech samples used in the present study and their ratings can be requested from https://goo.gl/forms/3q0y2Vvi1KinMft13 . Publications incorporating the speech samples should reference the p",Custom MATLAB analysis code can be requested from https://goo.gl/forms/3q0y2Vvi1KinMft13 .
2019-60,Holbein,False,False,False,,"The following restrictions apply to data in studies 1 and 2: the Add Health (restricted) data set used in study 1, the SOEP data in study 1 and the Catalist data used in study 2 are proprietary and ca",The replication code that produced this report is available in the Supplementary Information Appendix . The replication code for the Add Health study cannot be shared as we ‘cannot move files or data 
2019-61,Flinker,True,True,True,https://github.com/flinkerlab/SpectroTemporalModulationFilter http://github.com/mike-lawrence/ez,The data that support the findings of this study are available from the corresponding author upon reasonable request.,All stimuli construction code is available on a public repository https://github.com/flinkerlab/SpectroTemporalModulationFilter . Experiment and analysis code is available from the corresponding autho
2019-62,Amasino,True,True,True,https://osf.io/2p3dj/files/ https://osf.io/2p3dj/files https://osf.io/2p3dj https://github.com/Huettel-Lab/ITC_mtDDM,Data that support the findings of this study are available on the Open Science Framework: https://osf.io/2p3dj/files,Analysis code is available on the Open Science Framework: https://osf.io/2p3dj/files/ and GitHub: https://github.com/Huettel-Lab/ITC_mtDDM . Analysis code can also be found in supplementary software.
2019-63,Pool,True,True,True,https://osf.io/rve2p https://osf.io/rve2p/,Data from the four studies reported in this manuscript are available through the Open Science Framework repository: https://osf.io/rve2p/,Code used to generate the figures and the results of the four studies reported in this manuscript is available through the Open Science Framework repository: https://osf.io/rve2p/
2019-64,Toyokawa,True,True,True,https://github.com/WataruToyokawa/MultiPlayerThreeArmedBanditGame https://github.com/WataruToyokawa/ToyokawaWhalenLaland2018,Both experimental and simulation data are available in an online repository ( https://github.com/WataruToyokawa/ToyokawaWhalenLaland2018 ).,"The browser-based online task was built by Node.js ( https://nodejs.org/en/ ) and socket.io ( https://socket.io ), and the codes are available from GitHub ( https://github.com/WataruToyokawa/MultiPlay"
2019-66,Karlaftis,False,False,False,,Behavioural and imaging data in raw and pre-processed format are available upon request from the corresponding authors.,Custom code used for data analyses is available upon request from the corresponding authors.
2019-67,Orben,True,True,True,https://osf.io/7xha2/ https://osf.io/e84xu https://osf.io/7xha2,"The data that support the findings of this study are available from the Centre for Disease Control and Prevention (YRBS), Monitoring the Future (MTF) and the UK data service (MCS), but restrictions ap",
2020-01,Wendt,False,False,False,,All GWAS association data and analysis materials used in this study are publicly available for download by qualified researchers. All data used to make conclusions discussed in this study are provided,Previously developed pipelines were used to produce the results for this study. No custom code was developed.
2020-02,Dietze,True,True,True,https://osf.io/f9sr7/ https://osf.io/f9sr7,All data and materials have been made publicly available via the Open Science Framework and can be accessed at https://osf.io/f9sr7/ .,
2020-03,Kelly,True,True,True,https://osf.io/53gmw/ https://osf.io/53gmw,"Consent was not obtained to publicly share individual participant data. However, grand average behavioural data used for modelling are available at https://osf.io/53gmw/ and other data are available f",All code is available publicly at https://osf.io/53gmw/ .
2020-04,Xia,False,False,False,,The data that support the results presented in this paper can be accessed from UK Biobank after publication. UK Biobank will link the dataset returned to the publication through their application syst,"The main results of this work were obtained using DISSECT 19 , which can be freely downloaded from http://www.dissect.ed.ac.uk ."
2020-05,Gunderson,False,False,False,,"The data that support the findings of this study are publicly available through our Dataverse, found at https://dataverse.harvard.edu/dataverse/politicsofpolicinglabnaturemilitarization/ . Data are pu","The code that support the findings of this study is publicly available through our Dataverse, found at https://dataverse.harvard.edu/dataverse/politicsofpolicinglabnaturemilitarization/ . The code is "
2020-06,Lowande,False,False,False,,"The data supporting the findings reported in this study, along with the underlying 1033 Program inventory records, have been deposited in the Harvard Dataverse and can be found at https://doi.org/10.7",Replication code for the findings reported in this study has been deposited in the Harvard Dataverse and can be found at: https://doi.org/10.7910/DVN/XCTPNR .
2020-07,Woolnough,False,False,False,,"The datasets generated from this research are not publicly available due to their containing information non-compliant with HIPAA, and the human participants from whom the data were collected have not",The custom code that supports the findings of this study is available from the corresponding author on request.
2020-08,Thoret,True,True,True,https://github.com/EtienneTho/musical-timbre-studies https://github.com/EtienneTho/musical-timbre-studies.,The data that support the findings of this study are available from the corresponding author upon request and at https://github.com/EtienneTho/musical-timbre-studies.,Custom codes that support the findings of this study are available from the corresponding author upon request and at https://github.com/EtienneTho/musical-timbre-studies.
2020-09,Lydon-Staley,True,True,True,https://github.com/dalejn/kinestheticCuriosity,All data used in the manuscript are available upon request from the corresponding author.,"The analyses in the manuscript used code available through R, MATLAB and the Brain Connectivity Toolbox. The code associated with the generative model is available at https://github.com/dalejn/kinesth"
2020-10,Marshall,True,True,True,https://osf.io/ht7j6 https://osf.io/ht7j6/,All data related to these studies are publicly available on OSF at https://osf.io/ht7j6/ .,Most analyses were conducted in SPSS and using freely available packages in the R environment for statistical computing. All syntax and code are available at https://osf.io/ht7j6/ .
2020-11,Druckman,True,True,True,https://osf.io/azrxm/ https://osf.io/azrxm,The data that support the findings of this study are available via Dataverse at https://doi.org/10.7910/DVN/H7AT3N .,All code that supports the findings of this study are available via Dataverse at https://doi.org/10.7910/DVN/H7AT3N .
2020-12,Suzuki,False,False,False,,Contrast maps of fMRI data that support the findings of this study are available on NeuroVault ( https://neurovault.org/collections/LLQYKRMV/ ). Other data are available from the corresponding author ,Custom code that supports the findings of this study is available from the corresponding author upon request.
2020-13,Djonlagic,True,True,True,http://github.com/remnrem/luna-base/,All PSG data are freely available via the National Sleep Research Resource ( http://sleepdata.org ). The MESA dataset is available at https://doi.org/10.25822/n7hq-c406 . The MrOS dataset is at https:,Sleep EEG data were processed using the Luna package developed by S.M.P. ( http://zzz.bwh.harvard.edu/luna/ ). The C/C++ code is available at the following GitHub repository: http://github.com/remnrem
2020-16,Aaroe,False,False,False,,"Owing to the consent structure of the iPSYCH and Danish law, the data cannot be shared publicly owing to its sensitive nature. The data can be accessed from secure servers 59 . For further information",Code and scripts available from the corresponding author on request.
2020-17,Findling,True,True,True,https://github.com/csmfindling/learning_variability_and_volatility,All the data that support the findings of the present study are available from the corresponding author upon request.,All program codes are freely available at https://github.com/csmfindling/learning_variability_and_volatility
2020-18,Jay,True,True,True,https://github.com/USCOVIDpolicy/COVID-19-US-State-Policy-Database&#xA; https://github.com/USCOVIDpolicy/COVID-19-US-State-Policy-Database https://github.com/jonjaybu/nhincome_covid/,"The smartphone mobility data that support the findings of this study are available from SafeGraph Inc., but restrictions apply to the availability of these data, which were used under licence for the ",The computer code that supports the findings of this study is publicly available from the project GitHub repository: https://github.com/jonjaybu/nhincome_covid/ .
2020-19,Vosberg,False,False,False,,"The data are available upon request, addressed to T.P. (tpausresearch@gmail.com) or Z.P. (zdenka.pausova@sickkids.ca).",The R code used to compute the sex scores is provided as a supplementary attachment.
2020-20,Gollwitzer,True,True,True,https://doi.org/10.31234/osf.io/k23cv https://doi.org/10.31234/osf.io/kvnwp https://osf.io/u5pmw https://osf.io/yx7zs https://osf.io/u5pmw/?view_only=33f0691a7e694276bef606cb3e22d141 https://osf.io/yx7zs/ https://doi.org/10.31234/osf.io/ztgpn,We are unable to share some of the data publicly because they are proprietary; to access these data please contact Unacast ( https://www.unacast.com/covid19/social-distancing-scoreboard#get-started ).,Code for all analyses can be found at https://osf.io/u5pmw/?view_only=33f0691a7e694276bef606cb3e22d141 .
2020-21,Gallotti,True,True,True,https://doi.org/10.31234/osf.io/tdfh5,"The datasets generated during the current study are available from the corresponding author on reasonable request. The aggregated information, compliant with all privacy regulations, is publicly avail",The custom code that supports the findings of this study is available from the corresponding author upon request and available alongside the data in the permanent repository indicated above.
2020-22,Bainbridge,True,True,True,https://osf.io/vcybz https://osf.io/2t6cy https://doi.org/10.31234/osf.io/sqatb https://github.com/themusiclab/infant-relax,All data reported here are available at https://github.com/themusiclab/infant-relax . Stimuli are available at https://osf.io/2t6cy . Audio excerpts from the Natural History of Song Discography are av,"A reproducible version of this manuscript, including all analysis and visualization code, is available at https://github.com/themusiclab/infant-relax . For assistance with code, please contact M.B., C"
2020-23,Chu,False,False,False,,"Data collected in the study 1 panel survey, including pictures uploaded by respondents, are available on Dataverse ( https://doi.org/10.7910/DVN/ZFP2CC ), along with the environmental data used in bot",Code used in this study is available on Dataverse: https://doi.org/10.7910/DVN/ZFP2CC .
2020-24,Assaneo,False,False,False,,The data that support this study are available from the corresponding authors upon request.,Custom code that supports the findings of this study is available from the corresponding authors upon request.
2020-25,Burum,False,False,False,,The data that support the findings reported in this paper are available from the corresponding author upon request.,
2020-26,Hebart,True,True,True,https://osf.io/z2784,"The learned embedding, triplet odd-one-out behavioural data for testing model performance, typicality scores, participant-generated dimension labels and dimension ratings are available at https://osf.","To reproduce the relevant analyses and figures, the relevant MATLAB scripts and functions are available at https://osf.io/z2784 . The computational modelling code to create an embedding is available f"
2020-27,Chiu,True,True,True,https://github.com/wachiuphd/COVID-19-Bayesian-SEIR-US,The following publicly available datasets are used: mobility data from Unacast were sourced from https://covid19-scoreboard-api.unacastapis.com/api/search/covidstateaggregates_v3 ; mobility data from ,"The codes used to generate our results will be available on GitHub prior to publication, at https://github.com/wachiuphd/COVID-19-Bayesian-SEIR-US ."
2020-28,Park,False,False,False,,The weather data that support the findings of this study are available from the National Oceanic and Atmospheric Administration ( https://www.ncdc.noaa.gov/ ). The international assessment data are av,Custom code that supports the findings of this study is available from the corresponding author upon request.
2020-29,Agam,True,True,True,https://github.com/fnatalio/QesemCave-UVRaman. https://github.com/fnatalio/QesemCave-UVRaman https://zenodo.org/record/1168730#.X2RhemgzYuU,The raw UV Raman spectra are publicly available at https://github.com/fnatalio/QesemCave-UVRaman.,The custom code supporting the findings of this study is available from the corresponding author upon request.
2020-30,Cuellar-Partida,False,False,False,,"GWAS summary statistics of the meta-analysis of the UKBB, IHC and 23andMe data for the top 10,000 independent SNPs as well as summary statistics of the meta-analysis between the UKBB and IHC data for ",The code used to perform the meta-analysis will become available on GitHub upon publication.
2020-31,Fischer,True,True,True,https://osf.io/hwuxf https://osf.io/hwuxf/?view_only=3fa7499661df487689031e11b8ea20b4,"The figures and analyses in this paper are based on original data collected by the authors. Raw data, as well as processed minimal datasets necessary for reproducing the analyses and figures, are avai",Original code is available via the associated OSF repository for this project ( https://osf.io/hwuxf/?view_only=3fa7499661df487689031e11b8ea20b4 ).
2020-33,Underwood,False,False,False,,The data that support the findings of this study are available from https://data.mendeley.com/datasets/nbjjjz9b4r/1 .,Code that supports the findings of this study is available from https://data.mendeley.com/datasets/nbjjjz9b4r/1 .
2020-34,Lisi,True,True,True,https://osf.io/w74cn/ https://osf.io/w74cn,The data that support the findings of this study are available at https://osf.io/w74cn/ .,The code for models and analyses that support the findings of this study is available at https://osf.io/w74cn/ .
2020-36,Schurgin,True,True,True,https://osf.io/j2h65 https://osf.io/j2h65/?view_only=fdd51dd775a945508c7cbbf25b662692 https://doi.org/10.31234/osf.io/c4t92,All relevant data for this manuscript are available at https://osf.io/j2h65/?view_only=fdd51dd775a945508c7cbbf25b662692 .,All relevant analysis code for this manuscript is available at https://osf.io/j2h65/?view_only=fdd51dd775a945508c7cbbf25b662692 .
2020-37,Gotz,True,True,True,https://osf.io/y2mdw https://osf.io/y2mdw/,The data that support the findings of this study are available from the corresponding author upon request. The personality data from the Gosling–Potter Internet Personality Project are propriety data ,The analysis scripts are available as R code and SPSS syntax files on our OSF project page ( https://osf.io/y2mdw/ ).
2020-38,de la Fuente,True,True,True,https://github.com/MichelNivard/GenomicSEM/wiki,Complete summary GWAS results from this paper are available at https://www.lothianbirthcohort.ed.ac.uk/content/summary-data-and-other-resources . Raw data for UKB can be requested at https://www.ukbio,Code to perform common factor modelling and multivariate GWAS within Genomic SEM can be found at https://github.com/MichelNivard/GenomicSEM/wiki .
2020-39,Melnikoff,True,True,True,https://osf.io/ewv2a/ https://osf.io/ewv2a,The data that support the findings of this study are available at https://osf.io/ewv2a/ .,The custom code that supports the findings of this study is available at https://osf.io/ewv2a/ .
2020-40,Steyvers,True,True,True,https://osf.io/g9zkf,The original and preprocessed versions of the data can be accessed at https://osf.io/g9zkf . Source data are provided with this paper.,"The code used to analyse the data, run the Bayesian PCA model and create figures and tables can be accessed at https://osf.io/g9zkf ."
2020-41,Trudel,True,True,True,https://osf.io/d5qzw https://osf.io/d5qzw/?view_only=037ea3b875914623a06999cef97ac57f,We have deposited all choice raw data used for the analyses in the OSF repository at https://osf.io/d5qzw/?view_only=037ea3b875914623a06999cef97ac57f . We have deposited unthresholded fMRI maps of all,The above OSF repository includes the full Bayesian modelling pipeline. Relevant behavioural and neural regressors were derived from this pipeline. We also provide the code for behavioural GLMs shown 
2020-42,Zhou,True,True,True,https://github.com/bnzu/main-code-of-rmis,Weibo and Twitter data are publicly available at https://www.dcjingsai.com/v2/cmptDetail.html?id=166 (in Mandarin) and https://snap.stanford.edu/data/higgs-twitter.html . LiveJournal data are subject ,Custom code that supports the findings of this study is available at https://github.com/bnzu/main-code-of-rmis .
2020-43,Allen,True,True,True,https://github.com/weallen/HWFPaper20. https://github.com/weallen/HWFPaper20,This work used data from the How We Feel project ( http://www.howwefeel.org/ ). The data are not publicly available but researchers can apply to use the resource. Researchers with an appropriate IRB a,The analysis code developed for this paper can be found online at https://github.com/weallen/HWFPaper20.
2020-44,van Ham,False,False,False,,"The main data used in our study are national census data for the United States, Japan and the United Kingdom. The data for each country are publicly available and owned by the respective governments (",
2020-45,Thompson,True,True,True,https://osf.io/tngba https://osf.io/tngba/,Data and reproducible analyses are available at https://osf.io/tngba/ .,Code to implement the alignment algorithm is available at https://osf.io/tngba/ .
2020-46,Coscia,False,False,False,,"The aggregated and anonymized dataset made accessible by the Mastercard Center for Inclusive Growth is available for the duration of this research, after which this dataset and any existing copies wil",
2020-48,Lewis,True,True,True,https://osf.io/pcjwf https://osf.io/pcjwf/ https://doi.org/10.31234/osf.io/fcrmy https://github.com/mllewis/IATLANG,The data that support the findings of this study are available at https://github.com/mllewis/IATLANG . Source data are provided with this paper.,All code that supports the findings of this study is available at https://github.com/mllewis/IATLANG .
2020-49,Lin,True,True,True,https://osf.io/9mfws/ https://osf.io/9mfws,Double auction and ultimatum game data can be found on the Open Science Framework https://osf.io/9mfws/ .,Code for all analyses can be found on the Open Science Framework https://osf.io/9mfws/ .
2020-50,Chambon,True,True,True,https://github.com/spalminteri/agency,The data that support the findings of this study are available from the GitHub repository ( https://github.com/spalminteri/agency ).,Custom code scripts have been made available on the GitHub repository ( https://github.com/spalminteri/agency ). Additional modified scripts can be accessed upon request.
2020-51,de Souza,False,False,False,,Datasets of clinical and laboratory data presented in the current study from the SIVEP-Gripe/Portal do COVID-19 database are available at https://datadryad.org/stash/share/xj7kX8675lwvLzrnnPn9ebEfJNoO,The custom code used in this study is available at https://datadryad.org/stash/share/xj7kX8675lwvLzrnnPn9ebEfJNoOB38aXBTTQqfGBhE .
2020-52,Leckey,True,True,True,https://osf.io/t8p4g https://osf.io/t8p4g/,The datasets generated and analysed during the current studies are available at the Open Science Framework repository ( https://osf.io/t8p4g/ ).,The code generated and used during the current studies are available at the Open Science Framework repository ( https://osf.io/t8p4g/ ).
2020-53,Betti,True,True,True,https://osf.io/2hcqr/?view_only=c06b3949770549379ff7e5e4eceaf876 https://osf.io/2hcqr,The data collected for this study are available from the Open Science Framework repository ( https://osf.io/2hcqr/?view_only=c06b3949770549379ff7e5e4eceaf876 ).,The code used in this study is available from the Open Science Framework repository ( https://osf.io/2hcqr/?view_only=c06b3949770549379ff7e5e4eceaf876 ).
2020-54,Feher da Silva,True,True,True,https://github.com/wkool/tradeoffs https://github.com/carolfs/muddled_models,The data obtained from human participants are available at https://github.com/carolfs/muddled_models,"All the code used to perform the simulations, run the magic carpet and the spaceship tasks, and analyse the results are available at https://github.com/carolfs/muddled_models"
2020-55,Fox,False,False,False,,The data that support the findings of this study are available from the corresponding authors upon request.,Custom code that supports the findings of this study is available from the corresponding authors upon request.
2020-56,Murrar,False,False,False,,"Due to Institutional Review Board restrictions, the data are not publicly available. However, the data are stored on a secure university server and are available upon request (contact markus.brauer@wi","As for data availability, all R code files can also be provided upon request. All other study materials are included in the Supplementary Information ."
2020-57,Xie,False,False,False,,Processed data used in this study can be found at https://neuroscience.nih.gov/ninds/zaghloul/downloads.html .,Custom code that supports the findings of this study is available from W.X. upon request.
2020-61,Maier,True,True,True,https://osf.io/jmiwn/ https://osf.io/g76fn/ https://osf.io/g76fn https://osf.io/jmiwn,The data analysed in this paper are openly available on the Open Science Framework at https://osf.io/g76fn/ . Additional data for the MRT experiments from Sullivan et al. 16 are available at https://o,The code for fitting the diffusion models and running the other analyses is openly available on the Open Science Framework at https://osf.io/g76fn/ .
2020-62,Orach,False,False,False,,The experiment output data that support the findings of this study are available from the corresponding author upon request. ODD + D protocol model documentation is included in Supplementary Note 1 .,The NetLogo code for the PoliSEA model is available for download from the OpenABM library: https://www.comses.net/codebases/14c54b41-7fd6-4165-a15f-f76eec53af78/releases/1.1.0/ .
2020-63,Boesch,False,False,False,,The data for this study are included in Supplementary Data 1 – 6 .,The custom codes used for all statistical analyses are included in Supplementary Data 7 and 8 .
2020-65,Kraemer,False,False,False,,Human movement summary data for 242 countries and territories presented in this work are available online at https://bit.ly/2L7FXxc . The aggregated dataset used for this study is available upon reaso,Standard R-packages were used to produce results for this analysis. No custom code was developed.
2020-66,Danese,False,False,False,,The data reported in the current article are not publicly available because they contain extremely sensitive information that could compromise research participant privacy and confidentiality. We cann,The data analysis script is available from A.D. upon request.
2020-67,Ruggeri,False,False,False,,All data are available with the preregistered material and code at osf.io/esxc4/.,All code is available with the preregistered material and data at osf.io/esxc4/.
2020-68,Fewlass,False,False,False,,All data generated or analysed during this study are included in this published article and its supplementary information files.,
2020-69,Bach,True,True,True,https://osf.io/mnbfy https://osf.io/mnbfy/,Anonymized data are available from the Open Science Framework ( https://osf.io/mnbfy/ ). Full data are available upon reasonable request from the corresponding author or from OpenNSPN@medschl.cam.ac.u,"All custom code used for the analysis is available from the Open Science Framework ( https://osf.io/mnbfy/ ). After extracting task measures using MATLAB 2017b, all discovery analyses were performed i"
2020-70,Pierson,False,False,False,,All data to reproduce the findings of this study are available at https://openpolicing.stanford.edu .,All code to reproduce the findings of this study is available at https://openpolicing.stanford.edu .
2020-71,Brosnan,True,True,True,https://github.com/gerontium/big_dots https://figshare.com/s/8d6f461834c47180a444,The EEG dataset from the current study is available at the following repository: https://figshare.com/s/8d6f461834c47180a444 . These data are open access and available under a Creative Commons attribu,All EEG pre-processing scripts implemented in this study are available from https://github.com/gerontium/big_dots . These scripts are open access and available under a Creative Commons attribution: No
2020-72,Halai,False,False,False,,The conditions of our ethical approval do not permit the public archiving of anonymized study data. The anonymized data necessary for reproducing the results in this article can be requested from the ,The computer code that supports the findings of this study is available from the corresponding author on reasonable request.
2020-73,Espinoza,True,True,True,https://osf.io/qdv8z/ https://osf.io/qdv8z,The data that support the findings of this study were used with permission from K. Lee and M. Ashton 56 and are not publicly available. Requests for access to the data should be directed to K. Lee and,Syntax required for the use of the final factor structure and optimal profile solution identified in this research are available in the Supplementary Software for this paper and online in the form of 
2020-74,Jachimowicz,True,True,True,https://doi.org/10.31235/osf.io/9ktg2 https://osf.io/a3qy8 https://osf.io/a3qy8/,Data are available on the Open Science Framework at the following link: https://osf.io/a3qy8/ . We note that the data providers did not allow us to share the data for study 3 and Supplementary Study 1,The code to reproduce the analyses presented in the current research is available on the Open Science Framework at the following link: https://osf.io/a3qy8/ .
2020-76,Lau,True,True,True,https://doi.org/10.31234/osf.io/qxdsn https://doi.org/10.31219/osf.io/zey4k https://osf.io/mafe3 https://osf.io/mafe3/ https://doi.org/10.31234/osf.io/yqxfr,The behavioural data that support the findings of the current study are available at https://osf.io/mafe3/ . The unthresholded statistical maps of the fMRI results can be accessed at https://neurovaul,"The analyses in this study were performed in standard software and based on published routines, as specified in detail in the Methods and the Supplementary Information. Custom codes can be accessed at"
2020-77,Langley,False,False,False,,"The artefacts reported here are currently curated at the Australian Research Centre for Human Evolution, Griffith University, Nathan, Australia. They will return to Indonesia at the conclusion of the ",
2020-78,Piff,True,True,True,https://osf.io/85pyd https://osf.io/7cg2h/ https://osf.io/85pyd/ https://osf.io/7cg2h,All data supporting the findings in this manuscript are publicly available on the Open Science Framework and can be found here: https://osf.io/85pyd/,All custom code for data cleaning and analysis supporting the findings in this manuscript are available on the Open Science Framework and can be found here: https://osf.io/7cg2h/
2020-79,Mysterud,False,False,False,,Data are available at Dryad: https://doi.org/10.5061/dryad.1jwstqjr9 .,Analysis code is available at Dryad: https://doi.org/10.5061/dryad.1jwstqjr9 .
2020-80,Guess,False,False,False,,Data files necessary to replicate the results in this article are available at the following Dataverse repository: https://doi.org/10.7910/DVN/YLW1AZ .,R/Stata scripts that replicate the results in this article are available at the following Dataverse repository: https://doi.org/10.7910/DVN/YLW1AZ .
2020-81,Liao,False,False,False,,Replication data are available on the Harvard Dataverse at: https://doi.org/10.7910/DVN/GY8PXP .,Replication code is available on the Harvard Dataverse at: https://doi.org/10.7910/DVN/GY8PXP .
2020-82,Sznycer,True,True,True,https://osf.io/uwq2t https://osf.io/uwq2t/ https://doi.org/10.31234/osf.io/kupqv,The data that support the findings of these experiments have been deposited in a public repository at https://osf.io/uwq2t/ . Source data for Fig. 2 are presented with the paper.,
2020-83,Goldin,False,False,False,,The data that support the findings of this study are available from the corresponding author on request.,
2020-84,Bakker,True,True,True,https://osf.io/d5g72 https://osf.io/d5g72/,The data reported in this paper and in the Supplementary Methods and Supplementary Results can be found on our public OSF page at https://osf.io/d5g72/ .,"The analysis codes for both the aggregate data and each individual replication, as well as the results reported in the Supplementary Methods and Supplementary Results can be found on our public OSF pa"
2020-85,Losin,True,True,True,https://github.com/canlab,The data that support the findings of this study are available from the corresponding author on request.,
2020-86,Gluth,True,True,True,https://osf.io/qrv2e/ https://doi.org/10.31234/osf.io/57v6k https://osf.io/qrv2e,Data of all participants included in the final samples of the two experiments are publicly available on OSF ( https://osf.io/qrv2e/ ).,Custom code that supports the findings of this study is publicly available on OSF ( https://osf.io/qrv2e/ ).
2020-87,Hassler,True,True,True,https://osf.io/wgdhb https://osf.io/8rcz9/ https://osf.io/wgdhb/ https://osf.io/8rcz9,Data underlying the analyses reported in the paper have been deposited on the Open Science Framework under the following link: https://osf.io/wgdhb/ .,R code and scripts to reproduce the analyses presented in the manuscript can be found on the Open Science Framework at: https://osf.io/8rcz9/ .
2020-88,Wang,True,True,True,https://github.com/mirrorneuronwang/HCP_face_connectome,All data used in the present study were obtained from the WU-Minn HCP Consortium S900 Release. They are publicly available at https://www.humanconnectome.org .,"Most analyses were conducted using common software (FSL, SPM) or an open source toolbox that can be downloaded from GitHub (Louvain community detection algorithm, NetworkX, or AFQ toolbox). Custom cod"
2020-89,Matoba,False,False,False,,GWAS summary statistics of the 13 dietary habits investigated are publicly available at the National Bioscience Database Centre (NBDC) Human Database (Research ID: hum0014 ) as open data with no acces,
2020-90,Tromp,False,False,False,,Images of photographed microparticles are available from the corresponding author on request.,
2020-91,Richmond-Rakerd,False,False,False,,The NZIDI and Danish register data cannot be shared by the authors. Researchers who wish to use the NZIDI data must submit an application through Statistics New Zealand. Researchers who wish to use th,Custom code that supports the findings of this study in the NZIDI is provided in the supplementary information. Custom code that supports the findings of this study in the Danish nationwide registers 
2020-92,Li,False,False,False,,All data are available from the corresponding author on reasonable request.,All code used to generate the results central to the main claims in this study is available from the corresponding author on reasonable request.
2020-93,Lucca,True,True,True,https://github.com/klucca/Lucca_et_al_Effort_2019 https://github.com/lme4/lme4/,All data are publicly available at https://github.com/klucca/Lucca_et_al_Effort_2019 .,All code used for the analyses in the manuscript can be found at https://github.com/klucca/Lucca_et_al_Effort_2019 .
2020-94,Lambert,True,True,True,https://github.com/Armand1/Pace-of-Modern-Culture,The data used in the study are available from https://github.com/Armand1/Pace-of-Modern-Culture .,
2020-95,Balland,False,False,False,,The data that support the findings of this study are available from the corresponding author upon request.,The code that supports the findings of this study is available from the corresponding author upon request.
2020-96,Stolier,True,True,True,https://osf.io/2uzsx https://osf.io/2uzsx/,Experiment materials information and all experiment de-identified data are publicly available at https://osf.io/2uzsx/ . The materials used in this study are widely available.,Data analysis script notebooks are publicly available at https://osf.io/2uzsx/ .
2020-97,Vassena,True,True,True,https://github.com/modelbrains/EVC-Simulations,The data that support the findings of this study are available from the corresponding author on request.,Detailed modelling methods are included in Supplementary Methods . All scripts used to derive predictions from the various computational models are available online at https://github.com/modelbrains/E
