"subj","cond","intercept","coef","bias","exp"
2,1,1.87966101694915,0.262711864406781,-24.8135593220341,1
3,1,1.93559322033898,0.265254237288135,-22.5762711864409,1
4,1,1.61737288135593,0.361016949152542,-35.3050847457628,1
5,1,1.69025423728813,0.277966101694915,-32.3898305084747,1
6,1,1.66440677966101,0.284745762711864,-33.4237288135595,1
7,1,2.33286252354049,0.225988700564971,-6.68549905838027,1
9,1,1.65127118644067,0.439830508474576,-33.949152542373,1
2,2,2.49872881355932,0.410169491525423,-0.0508474576272455,1
3,2,2.36822033898305,0.354237288135593,-5.27118644067812,1
4,2,2.49661016949152,0.477118644067797,-0.135593220339132,1
5,2,2.47245762711864,0.570338983050847,-1.1016949152544,1
6,2,2.51313559322034,0.644915254237289,0.525423728813408,1
7,2,2.55501915708812,0.337011494252874,2.200766283525,1
9,2,2.73262711864407,0.488983050847458,9.30508474576266,1
2,3,3.50042372881356,0.296610169491525,40.0169491525423,1
3,3,2.80296610169492,0.326271186440678,12.1186440677966,1
4,3,3.72754237288135,0.279661016949152,49.1016949152541,1
5,3,3.65423728813559,0.266101694915254,46.1694915254235,1
6,3,3.76355932203389,0.241525423728813,50.5423728813557,1
7,3,2.61523048733868,0.299178761155271,4.60921949354725,1
9,3,3.77203389830508,0.223728813559322,50.8813559322032,1
10,1,1.68516949152542,0.318644067796609,-32.5932203389832,2
11,1,1.64533898305084,0.33728813559322,-34.1864406779663,2
14,1,1.93474576271186,0.122033898305085,-22.6101694915256,2
15,1,1.62838983050847,0.372881355932203,-34.8644067796612,2
16,1,1.66059322033898,0.265254237288136,-33.5762711864408,2
18,1,1.63940677966101,0.284745762711865,-34.4237288135595,2
19,1,1.86440677966101,0.384745762711863,-25.4237288135595,2
20,1,2.32203389830508,0.373728813559322,-7.11864406779684,2
21,1,1.54745762711864,0.270338983050847,-38.1016949152544,2
22,1,1.94618644067796,0.380508474576271,-22.1525423728816,2
23,1,1.86694915254237,0.264406779661016,-25.3220338983052,2
10,2,2.72966101694915,0.362711864406779,9.18644067796606,2
11,2,2.86906779661017,0.647457627118644,14.7627118644068,2
14,2,2.77542372881356,0.746610169491525,11.0169491525422,2
15,2,2.84915254237288,0.706779661016949,13.9661016949152,2
16,2,2.6228813559322,0.666949152542371,4.91525423728804,2
18,2,2.86016949152542,0.668644067796609,14.4067796610168,2
19,2,2.21652542372881,0.317796610169491,-11.3389830508477,2
20,2,2.42584745762712,0.34322033898305,-2.96610169491538,2
21,2,2.70169491525424,0.586440677966101,8.06779661016941,2
22,2,2.30762711864406,0.338983050847458,-7.69491525423749,2
23,2,2.75508474576271,0.559322033898306,10.2033898305084,2
10,3,3.42415254237288,0.356779661016949,36.9661016949152,2
11,3,3.66949152542373,0.24406779661017,46.779661016949,2
14,3,3.67754237288135,0.329661016949152,47.1016949152541,2
15,3,3.69067796610169,0.22457627118644,47.6271186440676,2
16,3,3.55508474576271,0.359322033898305,42.2033898305084,2
18,3,3.65889830508474,0.278813559322033,46.3559322033896,2
19,3,2.32161016949152,0.377118644067796,-7.13559322033918,2
20,3,2.55381355932203,0.319491525423729,2.15254237288129,2
21,3,3.55889830508474,0.328813559322033,42.3559322033896,2
22,3,2.55805084745762,0.285593220338983,2.32203389830493,2
23,3,3.42245762711864,0.170338983050847,36.8983050847456,2
1,1,2.05,0.165,-18.0000000000002,3
2,1,1.4375,0.36,-42.5000000000001,3
5,1,1.35625,0.3425,-45.7500000000001,3
6,1,1.84375,0.177499999999999,-26.2500000000002,3
7,1,2.05625,0.0925000000000003,-17.7500000000002,3
8,1,1.95,0.12,-22.0000000000002,3
9,1,1.85625,0.252500000000001,-25.7500000000002,3
10,1,1.6375,0.295,-34.5000000000002,3
11,1,2.31874999999999,0.2925,-7.25000000000021,3
12,1,1.45,0.224999999999999,-42.0000000000001,3
14,1,1.74375,0.2775,-30.2500000000002,3
1,2,2.66875,0.3225,6.74999999999988,3
2,2,1.7625,0.709999999999997,-29.5000000000002,3
5,2,2.0625,0.969999999999998,-17.5000000000002,3
6,2,2.08125,0.3525,-16.7500000000002,3
7,2,3.04375,0.597499999999998,21.7499999999999,3
8,2,2.96875,0.642499999999998,18.7499999999999,3
9,2,3.0625,0.624999999999999,22.4999999999999,3
10,2,3.06875,0.802499999999998,22.7499999999999,3
11,2,2.91875,0.432499999999999,16.7499999999999,3
12,2,2.94375,0.697499999999998,17.7499999999999,3
14,2,2.96875,0.707499999999998,18.7499999999999,3
1,3,2.8,0.28,12,3
2,3,1.775,0.729999999999998,-29.0000000000001,3
5,3,2.05625,0.942499999999999,-17.7500000000002,3
6,3,2.13749999999999,0.334999999999999,-14.5000000000002,3
7,3,3.2125,0.604999999999998,28.4999999999999,3
8,3,3.25,0.649999999999999,29.9999999999998,3
9,3,3.31875,0.502499999999999,32.7499999999999,3
10,3,3.43749999999999,0.625,37.4999999999998,3
11,3,3.21875,0.2875,28.7499999999999,3
12,3,3.025,0.519999999999997,20.9999999999999,3
14,3,3.24375,0.5975,29.7499999999999,3
1,1,1.525,0.189999999999999,-39.0000000000001,4
2,1,1.86875,0.2725,-25.2500000000002,4
3,1,1.61875,0.317499999999999,-35.2500000000002,4
5,1,1.875,0.18,-25.0000000000002,4
6,1,2.03172205438066,0.438066465256797,-18.7311178247736,4
7,1,1.8375,0.209999999999999,-26.5000000000002,4
8,1,2.0875,0.339999999999999,-16.5000000000002,4
10,1,1.4375,0.269999999999999,-42.5000000000001,4
11,1,1.775,0.289999999999999,-29.0000000000002,4
12,1,2.51875,0.482500000000001,0.749999999999833,4
13,1,2.21875,0.277499999999999,-11.2500000000002,4
14,1,1.89873417721519,0.388185654008439,-24.0506329113924,4
17,1,1.70625,0.2925,-31.7500000000001,4
18,1,1.575,0.265,-37.0000000000001,4
19,1,1.88125,0.2375,-24.7500000000002,4
20,1,1.6875,0.309999999999999,-32.5000000000002,4
1,2,2.78125,0.757499999999999,11.2499999999999,4
2,2,2.8875,0.724999999999999,15.4999999999999,4
3,2,2.10625,0.582499999999998,-15.7500000000002,4
5,2,2.59375,0.512499999999999,3.74999999999981,4
6,2,2.16834565619224,0.441682070240296,-13.2661737523105,4
7,2,2.8375,0.555,13.4999999999999,4
8,2,2.41875,0.442499999999999,-3.25000000000015,4
10,2,2.36875,0.782499999999998,-5.25000000000013,4
11,2,2.6,0.605,3.99999999999986,4
12,2,2.7,0.674999999999999,7.99999999999983,4
13,2,2.55625,0.267499999999999,2.24999999999984,4
14,2,2.70434957915428,0.625976513280581,8.17398316617117,4
17,2,2.16875,0.632499999999999,-13.2500000000002,4
18,2,2.35625,0.697499999999999,-5.75000000000015,4
19,2,2.70625,0.687499999999999,8.24999999999985,4
20,2,2.76875,0.827499999999999,10.7499999999999,4
1,3,3.47499999999999,0.629999999999998,38.9999999999997,4
2,3,3.47499999999999,0.544999999999999,38.9999999999997,4
3,3,2.3625,0.624999999999999,-5.50000000000018,4
5,3,2.8125,0.564999999999999,12.4999999999998,4
6,3,2.37999670320613,0.599109865655651,-4.80013187175475,4
7,3,3.49374999999999,0.537499999999999,39.7499999999997,4
8,3,2.55,0.58,1.99999999999983,4
10,3,3.14375,0.752499999999999,25.7499999999999,4
11,3,3.30624999999999,0.557499999999999,32.2499999999997,4
12,3,2.74375,0.637499999999999,9.74999999999984,4
13,3,2.76875,0.522499999999998,10.75,4
14,3,3.24671200792722,0.586568777587605,29.8684803170887,4
17,3,2.3375,0.604999999999999,-6.5000000000002,4
18,3,3.2,0.674999999999999,27.9999999999998,4
19,3,2.74375,0.677499999999999,9.74999999999993,4
20,3,3.45624999999999,0.637499999999997,38.2499999999997,4
1,1,2.025,0.255,-19.0000000000002,5
2,1,2.525,0.325,0.999999999999819,5
3,1,1.79375,0.2825,-28.2500000000002,5
4,1,1.725,0.299999999999999,-31.0000000000002,5
5,1,3.00264776221387,0.372907413734199,20.1059104885549,5
6,1,1.4875,0.265,-40.5000000000001,5
8,1,2.64375,0.4525,5.74999999999983,5
9,1,2.06368126606522,0.511919762108764,-17.4527493573913,5
10,1,1.93125,0.442499999999998,-22.7500000000002,5
11,1,1.98125,0.0224999999999997,-20.7500000000002,5
12,1,2.55,0.399999999999999,1.99999999999989,5
14,1,2.18125,0.2725,-12.7500000000002,5
15,1,1.80625,0.222499999999999,-27.7500000000002,5
1,2,2.975,0.544999999999998,19,5
2,2,3.00625,0.467499999999999,20.25,5
3,2,3.06875,0.662499999999999,22.7499999999998,5
4,2,2.90625,0.812499999999999,16.25,5
5,2,2.95475953265103,0.626301965401685,18.1903813060412,5
6,2,2.73125,0.712499999999999,9.24999999999988,5
8,2,2.64374999999999,0.597499999999999,5.74999999999978,5
9,2,2.28500632644454,0.829607760438634,-8.59974694221844,5
10,2,2.03125,0.507499999999999,-18.7500000000002,5
11,2,2.18124999999999,0.217499999999999,-12.7500000000002,5
12,2,2.36875,0.232499999999999,-5.2500000000002,5
14,2,2.5125,0.305,0.499999999999883,5
15,2,2.84375,0.577499999999999,13.7499999999999,5
1,3,3.34375,0.432499999999999,33.7499999999999,5
2,3,2.95,0.549999999999999,18,5
3,3,3.39375,0.457499999999999,35.75,5
4,3,3.3375,0.719999999999999,33.4999999999999,5
5,3,2.88866621183695,0.723264540337711,15.5466484734778,5
6,3,3.1625,0.474999999999999,26.5,5
8,3,2.69999999999999,0.569999999999998,7.99999999999979,5
9,3,2.31820381302622,0.819316752153294,-7.27184747895111,5
10,3,2.0375,0.544999999999999,-18.5000000000002,5
11,3,2.19375,0.2375,-12.2500000000002,5
12,3,2.20625,0.462499999999999,-11.7500000000002,5
14,3,2.675,0.334999999999999,6.99999999999996,5
15,3,3.24375,0.557499999999999,29.75,5
