"effect_size_id","ok","k","pooled_r","cilb95","ciub95","cilb999","ciub999","i2","tau2","n_pooled"
"14243_003",TRUE,4,0.0772173688968579,-0.112860513785851,0.267295251579567,-0.241898879649726,0.396333617443442,13.0906291112757,0.00512346150423572,124
"15101_001",TRUE,7,-0.0427418412919102,-0.123809805969959,0.0383261233861391,-0.178844497741163,0.0933608151573424,0,0,588
"16550_001",TRUE,5,0.0837371397117401,-0.100519413944722,0.267993693368203,-0.225605848241911,0.393080127665391,98.31611144165,0.0431423562385504,7888
"16550_003",TRUE,9,0.10970568425753,0.0245291737940127,0.194882194721046,-0.0332946906402648,0.252706059155324,97.8764548656365,0.016243784517942,25716
"16712_013",TRUE,38,0.125878701236093,0.0581100427803098,0.193647359691876,0.01210386457325,0.239653537898936,93.3804988709092,0.0333804316017179,18078
"17314_004",TRUE,12,0.382882556935616,0.226218990219855,0.539546123651378,0.119864635078214,0.645900478793019,91.2833516181076,0.0634699113015085,1064
"18648_001",TRUE,11,0.280951015970588,0.130727264407291,0.431174767533884,0.0287447131389426,0.533157318802233,73.0510365248724,0.0362948902901714,851
"19816_122",TRUE,4,-0.200111614713101,-0.637610520381066,0.237387290954863,-0.934615848185905,0.534392618759703,99.0105305410642,0.19341674021016,2298
"19816_131",TRUE,8,0.220628464485483,0.121044831020007,0.320212097950959,0.0534403883157368,0.387816540655229,47.9888581527882,0.00966452259270217,710
"20223_015",TRUE,50,0.107925978054372,0.0463768734861652,0.169475082622579,0.00459297016310553,0.211258985945638,56.9762037376541,0.0266333528341411,2288
"20746_001",TRUE,2,0.0137419070086074,-0.174115855355793,0.201599669373008,-0.30164704587737,0.329130859894585,0,0,109
"20746_003",TRUE,7,0.226754843388374,0.104251562301181,0.349258124475567,0.0210876350659357,0.432422051710813,43.1974199725307,0.011693725764026,401
"34220_002",TRUE,23,-0.0869708091101176,-0.129850471390256,-0.0440911468299796,-0.158960231407207,-0.0149813868130284,96.3235276619969,0.00825708639661949,86507
"34306_032",TRUE,7,0.149316799847271,0.127567762291693,0.171065837402849,0.112802971008908,0.185830628685633,0,0,7768
"34306_034",TRUE,9,0.195755262983448,0.183891638441145,0.20761888752575,0.175837767561719,0.215672758405177,0,0,25242
"34670_003",TRUE,38,0.0848634913236956,0.0480276125692976,0.121699370078094,0.023020802031736,0.146706180615655,85.6450979593337,0.00921060783894833,26411
"35660_003",TRUE,33,0.113697770032504,0.0525850507954478,0.174810489269561,0.0110973968267258,0.216298143238283,88.2276755949784,0.0239013109106091,9525
"37402_009",TRUE,73,0.0687013198491637,0.0472562386923393,0.090146401005988,0.0326977945996404,0.104704845098687,81.5830959681386,0.00573247173879406,56891
"37477_028",TRUE,9,0.430190210901236,0.291317939985035,0.569062481817437,0.197041579948213,0.663338841854259,91.1522289986917,0.0391886221132767,1174
"37653_002",TRUE,85,0.270953745850685,0.210661862429457,0.331245629271913,0.169731450107275,0.372176041594095,97.0972694556826,0.0711745553867163,36793
"37768_004",TRUE,5,0.275740426252323,0.178649723014685,0.372831129489961,0.112737658393929,0.438743194110717,0,0,348
"39489_017",TRUE,10,-0.116237851977533,-0.180478531370788,-0.051997172584278,-0.224089666837443,-0.00838603711762226,16.0228398285009,0.00165699374721949,1233
"39489_027",TRUE,6,-0.0899989579683527,-0.161208999815014,-0.0187889161216913,-0.209551433470643,0.029553517533938,0,0,748
"41430_001",TRUE,25,0.321282896576271,0.209859971523194,0.432705821629347,0.134218176877247,0.508347616275294,88.0654552738352,0.0682009289607644,2008
"42162_001",TRUE,5,0.109298327879755,-0.0278606793267574,0.246457335086267,-0.120973954283549,0.339570610043058,50.6005132594948,0.0113955715052358,561
"42168_002",TRUE,15,0.334644952469608,0.246951416275899,0.422338488663317,0.187418816019876,0.481871088919339,68.9716892830237,0.0184461620861855,1474
"42288_001",TRUE,50,0.129283983803269,0.0701873212567236,0.188380646349815,0.0300683097474019,0.228499657859136,57.9657198821477,0.0221048180639707,3083
"47429_001",TRUE,27,0.205774909607051,0.161101271224608,0.250448547989493,0.130773632823424,0.280776186390678,97.0249805219815,0.0127110965823281,66407
"47429_002",TRUE,14,0.188212665454895,0.135448843956412,0.240976486953379,0.099629014701144,0.276796316208647,96.0936149353588,0.00914516431097547,36228
"47429_003",TRUE,14,0.208654873100728,0.135987431679454,0.281322314522002,0.0866556116898415,0.330654134511614,96.2479910808955,0.0176338841843277,23096
"47448_001",TRUE,7,-0.0954579199542102,-0.174871300565365,-0.0160445393430551,-0.228782743165423,0.0378669032570027,87.1396815544814,0.00884966216760272,6184
"47448_004",TRUE,4,-0.108823411065269,-0.263094543486985,0.0454477213564469,-0.367824744322069,0.150177922191531,93.1073871292995,0.0210500934067217,3803
"47484_001",TRUE,9,-0.0189861714917664,-0.072145274244931,0.0341729312613983,-0.108233448488268,0.0702611055047354,0,0,1358
"47484_002",TRUE,3,-0.0208550439202872,-0.155035059706224,0.11332497186565,-0.2461259837224,0.204415895881825,0,0,216
"47484_003",TRUE,6,0.201629820546727,0.0108983950130764,0.392361246080377,-0.118583642151832,0.521843283245285,85.979380306879,0.0443061918193104,906
"47484_004",TRUE,6,-0.111397117977425,-0.20051242183215,-0.0222818141227011,-0.26101021894867,0.0382159829938195,46.0729990396994,0.00497112628086164,1148
"47484_005",TRUE,3,-0.228106216088411,-0.481261188510408,0.0250487563335849,-0.653120762547111,0.196908330370288,91.0183373892323,0.043904708563646,758
"47484_006",TRUE,6,-0.0213622194543683,-0.0883589844761593,0.0456345455674228,-0.133841146601297,0.0911167076925608,0,0,853
"47484_007",TRUE,3,-0.0149478324637626,-0.102290734907447,0.0723950699799222,-0.161585300072373,0.131689635144848,0,0,505
"47484_008",TRUE,5,0.143677978754458,-0.0494580624777922,0.336814019986708,-0.180572523551777,0.467928481060693,82.8182176587344,0.0354574445417008,826
"47484_009",TRUE,1,0.451136088266239,0.275502584791768,0.626769591740709,0.156270089356598,0.746002087175879,0,0,80
"47484_010",TRUE,5,-0.138946644769638,-0.22385893123808,-0.0540343583011957,-0.281503421659636,0.00361013212036024,21.4994452988799,0.00204089345883379,826
"47484_011",TRUE,1,-0.0179970847083967,-0.127356174324857,0.0913620049080633,-0.20159689090536,0.165602721488566,0,0,322
"47484_012",TRUE,2,-0.0394739694026932,-0.28579512234563,0.206847183540244,-0.453015414390443,0.374067475585057,0,0,65
"47484_013",TRUE,1,-0.0129989016392153,-0.173002250285138,0.147004447006707,-0.281623886588202,0.255626083309771,0,0,151
"47491_001",TRUE,4,0.116569803681436,-0.0510525274174689,0.284192134780341,-0.164846470100437,0.397986077463309,82.5056560002435,0.0228501012009629,955
"47491_002",TRUE,4,0.158929859913371,0.0855444467194613,0.23231527310728,0.0357252165011065,0.282134503325635,55.7982450235897,0.00297100737316473,1868
"47569_001",TRUE,18,-0.113236804080358,-0.236076892273939,0.00960328411322234,-0.31946946809263,0.0929958599319129,98.4639940942215,0.0686269533039442,13100
"47569_002",TRUE,18,-0.0954472377667047,-0.151887831284474,-0.039006644248935,-0.190203714506288,-0.00069076102712165,97.5221493471624,0.0137814343524157,62135
"47569_003",TRUE,8,-0.0933538184174108,-0.182556072696416,-0.00415156413840503,-0.243112897936052,0.0564052611012305,95.2684901896269,0.0145380571155629,16761
"47569_004",TRUE,7,-0.123034716795145,-0.176197849761038,-0.0698715838292515,-0.212288759998996,-0.0337806735912935,78.6176283319264,0.00354400550889713,14115
"47569_005",TRUE,10,-0.0787248061060703,-0.118397679851876,-0.0390519323602646,-0.145330444069521,-0.0121191681426196,40.0286572761956,0.00157067073452226,4276
"47594_001",TRUE,15,0.179127462832928,0.104067261046528,0.254187664619329,0.0531110653901511,0.305143860275706,81.8689737319598,0.0167385813906135,3842
"47733_001",TRUE,8,-0.14572490832432,-0.239475328744379,-0.0519744879042609,-0.30311977216576,0.0116699555171207,99.5107553693985,0.0172170811946354,179186
"47769_001",TRUE,68,0.205282784378542,0.134639134706517,0.275926434050568,0.0866812082835097,0.323884360473575,87.1636639251986,0.0682693457199482,3540
"47769_004",TRUE,14,0.21308537220379,0.114877994233609,0.311292750173972,0.0482078514995276,0.377962892908053,52.4301776687269,0.0168733620112145,800
"47769_005",TRUE,13,0.184890774413569,-0.0260212452837527,0.39580279411089,-0.169203302968087,0.538984851795225,92.5266539995176,0.127919853762013,571
"47769_006",TRUE,11,0.154269325322976,0.0220399604841979,0.286498690161754,-0.0677267231362013,0.376265373782153,70.7421359529662,0.0339799155870733,693
"47769_007",TRUE,19,0.199704451517985,0.0447935184828744,0.354615384553097,-0.06037102444644,0.459779927482411,90.2566928658865,0.0961709946393359,948
"47769_008",TRUE,11,0.265508772080232,0.0896394585916666,0.441378085568797,-0.0297531214280099,0.560770665588473,85.1339043898254,0.07008803656248,528
"47783_001",TRUE,38,-0.14447671419212,-0.197534142552611,-0.0914192858316294,-0.23355329299741,-0.0554001353868304,90.9142124603019,0.0209255410972427,18318
"47783_010",TRUE,5,-0.188104212757417,-0.312390704997985,-0.0638177205168502,-0.396765202605617,0.0205567770907819,70.7369322908373,0.0107857484954663,2792
"47783_015",TRUE,13,0.131004151848905,0.028661911472259,0.233346392225551,-0.0408152695162033,0.302823573214013,81.2516361548898,0.0266240538533896,1955
"47783_016",TRUE,7,0.137889650970768,-0.0379230873762797,0.313702389317815,-0.157277260171997,0.433056562113532,90.0893952443819,0.0474160371991164,1228
"47783_022",TRUE,12,0.148443462459183,0.0157446134429689,0.281142311475397,-0.0743407893792659,0.371227714297632,95.9791802486038,0.050211739572143,6083
"47837_001",TRUE,7,0.126032335781914,-0.0890840772583371,0.341148748822165,-0.235120375734727,0.487185047298555,89.7707875024327,0.072935326978829,753
"47837_002",TRUE,4,-0.142291084980722,-0.375844692766501,0.0912625228050582,-0.534397468423188,0.249815298461744,79.3792426011672,0.0448815056692548,309
"47837_003",TRUE,2,0.157739019221682,-0.00220214800232513,0.317680186445688,-0.110781571140144,0.426259609583507,9.84612994868098,0.00141565379800973,161
"47837_004",TRUE,2,0.222827524157363,-0.0427960258381382,0.488451074152864,-0.223120155834872,0.668775204149598,67.0422112002145,0.0249911924861494,161
"47837_005",TRUE,2,-0.115066878833094,-0.211257399339747,-0.0188763583264411,-0.276558355992833,0.0464245983266454,0,0,406
"48050_001",TRUE,19,-0.121088358913023,-0.254394791555709,0.0122180737296619,-0.344892665293439,0.102715947467392,86.8237388184474,0.0656400914093847,1347
"48113_001",TRUE,3,0.0339473583716753,-0.00347231481037266,0.0713670315537232,-0.0288754464657895,0.0967701632091401,0,0,2739
"48113_002",TRUE,7,0.0112467598989787,-0.124807639897844,0.147301159695801,-0.21717102889707,0.239664548695028,90.5826130658652,0.0237864801633846,4651
"48113_004",TRUE,6,0.0337790154622691,-0.0058762766807301,0.0734343076052683,-0.0327971052577662,0.100355136182304,58.5326987673464,0.00141868123015903,6034
"48113_005",TRUE,5,-0.0289698982443978,-0.0681081416218,0.0101683451330045,-0.0946779607765777,0.0367381642877822,46.7003822848808,0.000887436959419405,5240
"48113_006",TRUE,5,-0.0104711917680386,-0.0489560724721629,0.0280136889360856,-0.0750823426433011,0.0541399591072239,53.8400155133666,0.00102494113657233,5812
"48113_008",TRUE,3,-0.0461070609685571,-0.0834835342293674,-0.00873058770774682,-0.108857338710243,0.0166432167731283,37.3731144008547,0.000419850188260754,5045
"48113_010",TRUE,6,0.178107785251376,0.0461981417759876,0.310017428726765,-0.0433514922767226,0.399567062779476,36.4190650925556,0.00985471726249831,324
"48113_013",TRUE,12,0.082958361198587,0.0148802687818887,0.151036453615285,-0.0313359751734621,0.197252697570636,90.8714964953451,0.0121168660823111,10408
"48113_014",TRUE,8,0.131362297221683,0.035471921740824,0.227252672702543,-0.0296252751528212,0.292349869596188,91.6088247821159,0.0163418014154604,5538
"48113_016",TRUE,6,0.610854640774339,0.454289194500009,0.767420087048669,0.348001450482405,0.873707831066273,99.2354837805075,0.0378593924385278,5775
"48113_017",TRUE,4,0.517757874996505,0.399501312944596,0.636014437048413,0.319220360187296,0.716295389805714,96.3042018772017,0.0139006615306779,4085
"48113_019",TRUE,4,0.0306810021650922,-0.0351718146657735,0.0965338189959578,-0.0798773835171094,0.141239387847294,73.9430989960564,0.00332652373016279,3435
"50271_001",TRUE,79,0.212970796401119,0.149862542642638,0.2760790501596,0.107020178120351,0.318921414681888,85.2479080511414,0.0618720589658357,5810
"50609_001",TRUE,3,-0.0194691955941408,-0.185806374279297,0.146867983091015,-0.298727864233859,0.259789473045577,0.00415020391886144,9.38766169540487e-07,138
"50609_002",TRUE,3,0.231645323122446,0.0726407341434396,0.390649912101453,-0.0353028731670317,0.498593519411925,0,0,138
"50837_001",TRUE,57,0.128037066205763,0.0796974929207818,0.176376639490744,0.0468811575575387,0.209192974853987,37.9972385458555,0.0124794035947938,2606
"51998_001",TRUE,5,0.152585765508302,0.0216288521548613,0.283542678861743,-0.067274001029342,0.372445532045947,38.8874916634665,0.00841742063685461,391
"51998_002",TRUE,4,0.201506719872241,0.0925699805836934,0.310443459160789,0.0186159854005813,0.384397454343901,0,0,298
"51998_003",TRUE,7,0.154525051220286,0.0288063777772604,0.280243724663311,-0.0565403861423585,0.36559048858293,69.7674983125913,0.0178381474967634,913
"52166_001",TRUE,2,-0.109654812447351,-0.668146296962356,0.448836672067654,-1.0472899800336,0.827980355138898,97.3034093468497,0.158069388483957,804
"52166_002",TRUE,2,-0.207102172042797,-0.266921733493952,-0.147282610591643,-0.307531500119118,-0.106672843966476,0,0,984
"52166_003",TRUE,1,-0.03,-0.0863175689670439,0.0263175689670439,-0.124549934386771,0.0645499343867715,0,0,1210
"52166_004",TRUE,2,0.0519407051253628,-0.0144135892852982,0.118294999536024,-0.0594595967321238,0.163341006982849,0,0,869
"52311_001",TRUE,3,0.126578507970051,-0.0424103670147728,0.295567382954875,-0.157132016737779,0.41028903267788,0,0,133
"52311_002",TRUE,2,0.106467134949459,-0.102243584439061,0.315177854337979,-0.243931243140125,0.456865513039042,0,0,88
"52311_003",TRUE,4,-0.142638642669535,-0.281440339589345,-0.00383694574972529,-0.375668788985337,0.0903915036462676,1.02649125255294,0.000207213524480793,192
"52311_004",TRUE,2,0.224047228894098,0.0302414052486345,0.417853052539561,-0.101327751694568,0.549422209482763,0,0,94
"52311_005",TRUE,2,0.230645100563706,0.0344003298800996,0.426889871247312,-0.0988245575236312,0.560114758651043,0,0,91
"52311_006",TRUE,4,0.227304910515593,0.0894092879967974,0.365200533034388,-0.00420405374749069,0.458813874778676,0,0,185
"52311_007",TRUE,2,0.363193310093262,0.0163959022540925,0.709990717932432,-0.21903480731507,0.945421427501595,0,0,26
"52549_003",TRUE,6,0.161491084667219,-0.00660243549218842,0.329584604826626,-0.120716254772696,0.443698424107134,53.5831669788427,0.0226200517235302,294
"52765_001",TRUE,3,0.053755521909478,-0.0449715817902358,0.152482625609192,-0.11199455125981,0.219505595078766,88.9676351837441,0.00665465159435394,6773
"52765_002",TRUE,3,0.053755521909478,-0.0449715817902358,0.152482625609192,-0.11199455125981,0.219505595078766,88.9676351837441,0.00665465159435394,6773
"52765_004",TRUE,3,0.053755521909478,-0.0449715817902358,0.152482625609192,-0.11199455125981,0.219505595078766,88.9676351837441,0.00665465159435394,6773
"52765_005",TRUE,3,0.053755521909478,-0.0449715817902358,0.152482625609192,-0.11199455125981,0.219505595078766,88.9676351837441,0.00665465159435394,6773
"52772_001",TRUE,7,-0.139428143091081,-0.262016031350766,-0.0168402548313962,-0.345237395943396,0.0663811097612347,62.1382622709729,0.0154408547096413,898
"52772_002",TRUE,4,0.212239287414663,-0.00904309727733754,0.433521672106663,-0.159265295210704,0.583743870040029,90.2013664042177,0.044933737539483,892
"52795_001",TRUE,4,-0.0970469638935897,-0.184917128383562,-0.00917679940361779,-0.244569636471013,0.0504757086838333,0,0,488
"52795_002",TRUE,6,-0.0315950230354083,-0.112110334617368,0.0489202885465516,-0.166769846218199,0.103579800147382,0,0,597
"52795_003",TRUE,3,-0.301692782740641,-0.463574729310374,-0.139810836170909,-0.573471691299848,-0.0299138741814348,44.0345693847523,0.00978623167473629,408
"52795_004",TRUE,3,-0.191130262386917,-0.54973232880978,0.167471804035947,-0.793176878977976,0.410916354204142,90.1438531675091,0.0882123550409544,443
"52795_005",TRUE,3,-0.0555648026444627,-0.31669135212371,0.205561746834784,-0.493962598798532,0.382832993509606,75.1599880709841,0.0393261102496785,408
"52818_001",TRUE,4,-0.0534552573288275,-0.151664230807196,0.0447537161495409,-0.218335456685545,0.11142494202789,80.618403818948,0.00789510621380599,2280
"52818_002",TRUE,3,0.287065115473061,0.208639228012737,0.365491002933385,0.155398165894019,0.418732065052103,69.0856296205445,0.00324561707928577,1964
"52906_001",TRUE,4,0.227979309581217,0.046239593624257,0.409719025538178,-0.0771382324997729,0.533096851662208,88.6900816651204,0.0298280506106119,980
"52906_002",TRUE,1,0.0149983127847122,-0.155556280524954,0.185552906094379,-0.271340851042265,0.301337476611689,0,0,133
"53014_001",TRUE,16,0.188640794942952,0.0760121086651401,0.301269481220763,-0.000448242331845955,0.377729832217749,72.6910293486399,0.037458053983831,967
"53014_002",TRUE,3,0.407575714765323,0.0983820581362951,0.716769371394351,-0.111520554538985,0.926671984069631,80.4725647790849,0.0595891780955578,131
"53014_003",TRUE,7,0.0722941948107834,-0.0181903396412224,0.162778729262789,-0.0796176677282608,0.224206057349828,0,0,467
"53014_004",TRUE,6,0.206174062088759,0.0117427404475862,0.400605383729932,-0.120251048957207,0.532599173134725,76.4121401396692,0.0446227926162624,369
"53014_005",TRUE,9,0.285968430207079,0.11157043645874,0.460366423955418,-0.00682330722994129,0.5787601676441,76.4059209596762,0.0529119821432335,390
"53014_006",TRUE,7,0.0730564931361931,-0.00843317044103969,0.154546156713426,-0.0637541413735491,0.209867127645935,0,0,577
"53014_007",TRUE,7,0.151224115670169,0.0601955655970271,0.24225266574331,-0.00160107892896236,0.304049310269299,0.00742319209625026,1.13877875674608e-06,439
"53014_008",TRUE,9,0.20513992404647,0.0221591538881966,0.388120694204744,-0.102061187965837,0.512341036058778,82.5141928377212,0.0633187852574393,528
"53145_001",TRUE,36,0.198010908683781,0.14513727084955,0.250884546518012,0.109242890466555,0.286778926901008,54.9025479123193,0.0129846610960845,2975
"53160_001",TRUE,12,0.121823722265635,0.053604758669243,0.190042685862028,0.00729288135261703,0.236354563178654,97.4716879681344,0.0125279130131586,93740
"53940_001",TRUE,28,0.0565512408353876,0.0378183365596017,0.0752841451111735,0.0251011107492381,0.088001370921537,91.5806247962799,0.00175883971448712,232501
"53940_002",TRUE,3,0.0583508849669659,-0.00458036294205216,0.121282132875984,-0.0473025633229848,0.164004333256917,67.8897082201225,0.00198215361710506,3754
"53940_003",TRUE,24,0.0570655584938264,0.036565517782128,0.0775655992055249,0.0226486342591976,0.0914824827284552,93.0033918736809,0.00189130637831232,228377
"53940_004",TRUE,18,0.0587438270136257,0.0329665215244718,0.0845211325027796,0.0154670558857119,0.10202059814154,95.4110637424047,0.00234035806690152,220282
"53940_005",TRUE,10,0.0534901729219627,0.0284958471349045,0.0784844987090209,0.0115279237241883,0.0954524221197371,46.3808540999557,0.000719074210242821,12219
"53940_006",TRUE,18,0.0591598134023499,0.0357650401734136,0.0825545866312863,0.0198830066374176,0.0984366201672822,92.8588362301724,0.00188518502501668,191975
"53940_007",TRUE,6,0.0464724525725874,-0.0072827259148231,0.100227631059998,-0.0437755586991362,0.136720463844311,82.9276375611715,0.00327664846959949,34997
"53940_008",TRUE,4,0.0614921741108059,0.0201308632919488,0.102853484929663,-0.00794813192162036,0.130932480143232,49.5795213718427,0.000851632698789805,5529
"54015_001",TRUE,27,0.213745380720681,0.165641799675025,0.261848961766337,0.132985672603716,0.294505088837646,89.266803525205,0.0133195719604033,15443
"54366_001",TRUE,4,0.071547512521583,-0.0942951136199151,0.237390138663081,-0.206880866185325,0.349975891228491,85.5865627848834,0.0239317493094247,1275
"55544_001",TRUE,13,0.256113885731849,0.103118422962757,0.409109348500941,-0.000745762715626541,0.512973534179325,83.084008754027,0.0599098225207539,982
"55554_001",TRUE,15,0.0889128242944612,0.0599597027259425,0.11786594586298,0.0403042675899342,0.137521380998988,89.562662471614,0.00255441809908865,52377
"55554_004",TRUE,12,0.0910398101574588,0.0577221075106495,0.124357512804268,0.0351036847714852,0.146975935543432,90.8831097426628,0.0028190594155294,44550
"55554_005",TRUE,3,0.0800604377410888,0.0140859338160777,0.1460349416661,-0.0307022448768328,0.19082312035901,75.5518218722153,0.00232654901367696,7827
"55560_001",TRUE,14,0.393930931293232,0.208323363084681,0.579538499501784,0.0823197641621324,0.705542098424333,92.480336832163,0.11224413195102,676
"55560_002",TRUE,11,0.329326367065816,0.107975783942678,0.550676950188953,-0.0422927119291137,0.700945446060745,92.0745367033189,0.125180362995269,519
"55560_003",TRUE,3,0.621514346822319,0.407489837989663,0.835538855654975,0.26219480163509,0.980833892009548,81.3683891463584,0.0287410356509862,157
"55560_006",TRUE,3,0.215214392314285,-0.358597990608319,0.78902677523689,-0.748142587590115,1.17857137221869,94.6522899402735,0.240757646797952,147
"55560_007",TRUE,12,0.423657802947746,0.246422514105368,0.600893091790125,0.126102613005623,0.72121299288987,89.277290573065,0.0848328998246559,569
"55569_001",TRUE,11,0.0928502409781442,0.0140913523494761,0.171609129606812,-0.0393757746116491,0.225076256567938,82.2548364905175,0.0121898733257373,4954
"55569_002",TRUE,10,0.160657697704873,0.105455455882696,0.215859939527051,0.0679802537380738,0.253335141671673,67.1920719238902,0.0045742424291498,5124
"55569_003",TRUE,5,0.055281512173276,-0.061688145202215,0.172251169548767,-0.141095455670766,0.251658480017318,74.8638685012697,0.0115057380312684,1745
"55569_004",TRUE,9,0.0996837137257183,0.0257568392215373,0.173610588229899,-0.0244299733881503,0.223797400839587,82.8322344813345,0.00848926545173566,5773
"55569_005",TRUE,8,0.108599034940995,-0.0142271902324332,0.231425260114422,-0.0976103548485091,0.314808424730498,92.4834410415498,0.0268993805245811,3715
"55569_006",TRUE,8,0.0393016444280415,-0.0738036886570851,0.152406977513168,-0.15058762135775,0.229190910213833,93.1466456584792,0.0236191678221086,5181
"55945_001",TRUE,8,-0.156623500516247,-0.208355694826104,-0.10489130620639,-0.243475182280831,-0.069771818751663,75.7356968600189,0.00352349494548617,11429
"55958_001",TRUE,5,-0.0330164826278438,-0.154854522028922,0.0888215567732345,-0.237566835962982,0.171533870707294,83.4071636374538,0.0154548412518216,1839
"55958_002",TRUE,2,0.0880468660611535,0.0098873372818364,0.166206394840471,-0.0431729016477457,0.219266633770053,0,0,621
"57114_001",TRUE,3,0.0462300346940547,-0.0373871285584315,0.129847197946541,-0.0941523973629288,0.186612466751038,0.000570838533067823,3.76304556966089e-08,546
"57182_001",TRUE,14,0.389046583498624,0.29700037032871,0.481092796668537,0.234512863819443,0.543580303177805,97.8209718119387,0.0289375105315334,15139
"57223_001",TRUE,20,0.0872528562011851,0.0627205751935045,0.111785137208866,0.0460663205928852,0.128439391809485,37.7862029521574,0.00105277483771198,11675
"57223_002",TRUE,7,0.00676135216713691,-0.09729440137457,0.110817105708844,-0.167934836791086,0.18145754112536,87.7218998867005,0.0164546829832984,3333
"57223_003",TRUE,11,0.0967696390301768,0.0621538004955819,0.131385477564772,0.0386541109237651,0.154885167136588,45.7003667943236,0.00142295332385312,6675
"57223_004",TRUE,8,0.0721182970311732,0.0337633497411147,0.110473244321232,0.00772528759915649,0.13651130646319,35.2555846743094,0.00098742254517905,4809
"57223_005",TRUE,1,0.108,-0.0325322194852681,0.248532219485268,-0.127935470498291,0.343935470498291,0,0,191
"57230_001",TRUE,9,0.0588720259904118,-0.0170879259498938,0.134831977930717,-0.0686549359098967,0.18639898789072,92.3496893454087,0.00944730929138444,13856
"57230_002",TRUE,2,0.179496402760334,0.131699377970392,0.227293427550276,0.0992513630567119,0.259741442463956,26.2089042928704,0.00032761130366088,2232
"57230_003",TRUE,4,0.334348489972678,0.226698013121136,0.44199896682422,0.153617224229049,0.515079755716307,94.4400035556517,0.0110501953711219,6327
"57313_001",TRUE,122,-0.260318715310759,-0.315159475375324,-0.205477955246193,-0.352389278030887,-0.16824815259063,75.1921178921126,0.0659249989127784,3436
"57313_002",TRUE,88,-0.306074447436652,-0.364745838502109,-0.247403056371194,-0.404576145527807,-0.207572749345496,69.7646596100342,0.0502223316324535,2433
"57313_003",TRUE,34,-0.15014466663988,-0.268815586639439,-0.0314737466403197,-0.3493778349988,0.0490885017190412,80.2747566665279,0.0926916952074602,1003
"57313_004",TRUE,73,-0.270224236622286,-0.344477279178503,-0.19597119406607,-0.394885517825968,-0.145562955418604,77.5940644822893,0.0746406758992983,1879
"57313_005",TRUE,21,-0.148685500440499,-0.239563760283099,-0.0578072405979003,-0.301258377127167,0.00388737624616861,44.4634074051415,0.0191177461189322,810
"57313_006",TRUE,16,-0.474290702747476,-0.598062064224084,-0.350519341270868,-0.682086854485184,-0.266494551009768,68.5455658370119,0.0397255180198591,399
"57313_007",TRUE,12,-0.113726308153674,-0.244474842759921,0.0170222264525732,-0.333236233651725,0.105783617344378,37.0168352443072,0.0190649476320125,348
"58322_001",TRUE,26,-0.0240298537758079,-0.080598073704483,0.0325383661528671,-0.119000598797891,0.0709408912462747,0,0,1192
"58322_002",TRUE,18,0.135548601615342,0.0706692757465442,0.200427927484139,0.0266245816963981,0.244472621534286,0,0,871
"59120_002",TRUE,9,0.0676274133886124,0.0148795628396314,0.120375263937593,-0.0209294242008771,0.156184250978102,92.0604306032551,0.00560597246758003,22235
"59120_004",TRUE,4,0.119244590422474,0.0416633568945977,0.19682582395035,-0.0110042941484843,0.249493474993432,90.0070323350895,0.00560997082124253,6395
"59157_001",TRUE,14,0.305841420446515,0.215490926813589,0.396191914079441,0.154154595153957,0.457528245739073,17.2756773266503,0.00506892133077082,472
"59157_002",TRUE,2,0.0389727770884792,-0.194926333608484,0.272871887785443,-0.353713661178476,0.431659215355435,0,0,72
"59157_003",TRUE,11,0.33421549865918,0.237697374328853,0.430733622989507,0.172174016934233,0.496256980384127,15.7319772467875,0.0041644576752179,392
"59157_004",TRUE,5,0.15624587604738,-0.0842741916276889,0.396765943722449,-0.247556295006689,0.56004804710145,73.1992512617583,0.0549158381034935,214
"59157_005",TRUE,17,0.267114479259036,0.119374206697667,0.414854751820404,0.0190776173494694,0.515151341168602,82.6685706957555,0.0703745628879089,556
"59157_006",TRUE,3,0.244405194328017,0.00069624003053162,0.488114148625502,-0.164750706058594,0.653561094714627,49.428419169503,0.0229350005299112,112
"59157_007",TRUE,13,0.301862595451958,0.124368188703609,0.479357002200308,0.00387237996705381,0.599852810936863,85.1235507230657,0.0817052299684983,418
"59207_001",TRUE,32,0.106848060524979,0.0535177716170609,0.160178349432898,0.0173133840544455,0.196382736995513,70.6590076522477,0.0137391496952829,5764
"59207_002",TRUE,26,0.0933726243666654,0.0340974392440707,0.15264780948926,-0.00614276606832839,0.192888014801659,53.661207433266,0.0115885068228026,2520
"59207_003",TRUE,6,0.14930727608877,0.0225067618550082,0.276107790322532,-0.0635744324243729,0.362188984601913,90.6350720554807,0.0212522179311042,3167
"59207_004",TRUE,32,0.107890787391335,0.054264773443755,0.161516801338914,0.0178596267221867,0.197921948060483,70.3663769482889,0.0137566436474952,5687
"59207_006",TRUE,23,0.080149760056679,0.0188733857028923,0.141426134410466,-0.0227253689816525,0.18302488909501,69.8320921587917,0.0121272723674818,4758
"59207_007",TRUE,9,0.17663823383415,0.0793096169069448,0.273966850761356,0.0132360395773707,0.34004042809093,59.7567504532555,0.0130614855442484,929
"59207_015",TRUE,10,0.207105182495675,0.0880175320374853,0.326192832953865,0.00717237744711871,0.407037987544232,93.2894052141477,0.0328691502385581,4132
"59207_016",TRUE,6,0.235547443180559,0.036767179574486,0.434327706786632,-0.0981789804926229,0.569273866853741,94.2318271893178,0.0566020264663149,1682
"59207_017",TRUE,4,0.14350423637377,0.104104894189246,0.182903578558294,0.0773578226212755,0.209650650126264,0.0169800333565155,2.99942590513443e-07,2370
"59207_018",TRUE,9,0.143073833786907,0.0804263010222177,0.205721366551596,0.0378967066303581,0.248250960943456,72.0944584328772,0.00592175633756261,3984
"59207_019",TRUE,1,0.675056185208989,0.544725000433238,0.80538736998474,0.45624693624605,0.893865434171928,0,0,68
"59207_020",TRUE,6,0.211791275977705,0.0119255833321583,0.411656968623251,-0.123757443052788,0.547339995008198,95.5539510474897,0.057727800969683,2267
"59207_021",TRUE,4,0.187508487971595,0.1048726226616,0.270144353281589,0.0487735285910466,0.326243447352143,63.6215462102147,0.00425540335275066,1785
"59211_001",TRUE,90,0.127930138375029,0.103374651681815,0.152485625068243,0.0867046434138158,0.169155633336242,94.15002679052,0.0114428024411097,127057
"59211_004",TRUE,9,0.122052335888412,0.0932459163081455,0.150858755468678,0.073690072900359,0.170414598876464,10.353181718059,0.000204653905036198,5466
"59211_005",TRUE,42,0.147519953739861,0.103856988283075,0.191182919196646,0.0742154664405817,0.22082444103914,94.6568655037988,0.0174143538945887,46519
"59211_006",TRUE,43,0.0631648117660792,0.0419813813353079,0.0843482421968505,0.0276005643375685,0.0987290591945899,87.2144655322772,0.00328968461378182,93914
"59211_007",TRUE,4,-0.0377896769624569,-0.251598173313466,0.176018819388552,-0.396746565054555,0.321167211129641,88.2692155293513,0.0384470739903069,1025
"59211_008",TRUE,9,0.0822749099690273,0.029321221236387,0.135228598701668,-0.00662750338156559,0.17117732331962,56.9474578898688,0.00330061422697143,3724
"59227_001",TRUE,26,-0.0853726072311902,-0.139420787870692,-0.0313244265916882,-0.176112531324499,0.00536731686211916,82.2802618008155,0.0142582821915595,9070
"59227_002",TRUE,12,-0.0779116070823678,-0.158885093165539,0.00306187900080332,-0.213855646156785,0.058032431992049,77.4219594949459,0.0148289565339102,2888
"59227_003",TRUE,5,-0.0345652051898815,-0.180489150298305,0.111358739918542,-0.279552687578089,0.210422277198326,88.1827447228985,0.0230045347936109,1848
"59227_004",TRUE,10,-0.0659557764551778,-0.171702649752853,0.0397910968424973,-0.243491137360978,0.111579584450622,79.6770370354346,0.0219624952082004,2001
"59227_005",TRUE,5,-0.0984119384977507,-0.200767809159235,0.00394393216373322,-0.270254243353051,0.0734303663575498,39.9714467759555,0.0054144039585398,610
"59227_006",TRUE,9,-0.0879817610817232,-0.207757016077237,0.0317934939137908,-0.289068965460373,0.113105443296927,82.0927310764255,0.0262363728045511,1811
"59227_007",TRUE,4,-0.149172744043286,-0.218132196024474,-0.0802132920620975,-0.26494676944528,-0.033398718641292,68.8433373168239,0.00311457729349875,4181
"59233_001",TRUE,40,0.262898941178608,0.171179493399155,0.354618388958062,0.10891381844341,0.416884063913807,89.4135287066078,0.0742203401020095,2966
"59233_002",TRUE,3,0.32365726335297,-0.149764420427871,0.797078947133811,-0.471156681207516,1.11847120791346,90.2886493855384,0.139057904250106,146
"59233_003",TRUE,25,0.199260128089729,0.0677993631092019,0.330720893070256,-0.0214455403423942,0.419965796521852,92.9454331876013,0.100763669635864,2078
"59233_004",TRUE,12,0.376771750151796,0.314699272814771,0.438844227488821,0.272560066886944,0.480983433416648,0,0,742
"59233_005",TRUE,30,0.281822110241804,0.151110607159805,0.412533613323803,0.0623743558965938,0.501269864587014,95.902364558663,0.111420590103373,1197
"59233_006",TRUE,12,0.522725571902019,0.318430905675226,0.727020238128812,0.17974117748304,0.865709966320999,98.3114816011164,0.120424076632462,657
"59233_007",TRUE,18,0.100762964860179,0.00464981688013091,0.196876112840227,-0.060598613806994,0.262124543527352,28.7531558963136,0.0124089256299691,548
"59586_001",TRUE,10,-0.0635780329588175,-0.135417687430467,0.00826162151283234,-0.184187546850258,0.0570314809326228,41.2323610778598,0.00461721292386261,2476
"59586_002",TRUE,8,-0.0981005082525599,-0.166143961409486,-0.0300570550956342,-0.212336689775265,0.0161356732701451,0,0,811
"59586_003",TRUE,4,0.0942500563750602,-0.0199154106613244,0.208415523411445,-0.0974190375775205,0.285919150327641,54.2923860813091,0.00674832803893184,1935
"59588_001",TRUE,5,-0.0596700541932679,-0.160079750339064,0.0407396419525288,-0.228244983056698,0.108904874670162,41.7679074925856,0.00521190341800814,781
"59588_002",TRUE,7,0.0674403917866676,0.0136018498117778,0.121278933761557,-0.0229475760282092,0.157828359601544,59.7539623751774,0.00290957117343201,3776
"59588_003",TRUE,13,-0.00245086074365262,-0.0427447933544962,0.037843071867191,-0.0700991764365704,0.0651974549492652,39.4305528523429,0.00188304762328794,4780
"59588_004",TRUE,11,-0.0388451975756538,-0.198928782511177,0.12123838735987,-0.307604888905906,0.229914493754598,95.9784579497588,0.0693372153604022,3339
"59588_005",TRUE,3,-0.0775908376554705,-0.156570019461009,0.00138834415006833,-0.210186697075547,0.0550050217646056,45.2688331606073,0.00215424442527941,1398
"59588_006",TRUE,3,-0.0159914961543716,-0.113902486586561,0.0819194942778173,-0.180371420410772,0.148388428102029,62.5477074239779,0.00466347188513201,1423
"59588_007",TRUE,4,-0.0403766322966952,-0.101452668429414,0.0206994038360233,-0.142915419301722,0.0621621547083316,23.7214815590157,0.000949901544114454,1567
"59588_008",TRUE,4,-0.0749499910572878,-0.16716670046463,0.0172667183500539,-0.229769951928298,0.0798699698137219,37.7320050123094,0.00338020940852005,1111
"59588_009",TRUE,8,-0.165581588796688,-0.393537710641638,0.0623745330482618,-0.548290515315081,0.217127337721704,97.5217385961612,0.0978992686253718,1894
"59588_010",TRUE,4,-0.0377791995746498,-0.0821372945419151,0.00657889539261548,-0.11225071966337,0.0366923205140707,0.0053362979513363,1.86960787670296e-07,1946
"59588_011",TRUE,4,-0.0405128626016881,-0.0848596758484271,0.003833950645051,-0.114965442136775,0.033939716933399,0.00391802525739223,1.37216030616874e-07,1946
"59588_012",TRUE,6,-0.119876259504777,-0.215525423219211,-0.0242270957903428,-0.280458868435242,0.0407063494256881,42.1309096171719,0.00568631986272376,809
"59588_013",TRUE,7,-0.0315341869981659,-0.162144494717252,0.0990761207209203,-0.250812047381347,0.187743673385015,81.3762667313977,0.0240834853618157,1257
"59588_014",TRUE,3,0.0663118182315241,0.0100254822612937,0.122598154201755,-0.0281856799820676,0.160809316445116,0.121082453855881,8.21740953300696e-06,1210
"59588_015",TRUE,3,-0.0944222917673965,-0.245405186266533,0.0565606027317398,-0.347903097673133,0.15905851413834,58.9493808302883,0.0100586038495813,483
"59588_016",TRUE,7,0.16755519337946,-0.0101990163055529,0.345309403064472,-0.130871197726402,0.465981584485321,86.3045940129839,0.0470630852488091,851
"59588_017",TRUE,6,0.29909620499884,0.0452148533210091,0.55297755667667,-0.127137838541121,0.7253302485388,96.8795338400219,0.0931408301896049,1328
"59588_018",TRUE,4,-0.0101798859140949,-0.136181232440863,0.115821460612673,-0.221719894924823,0.201360123096633,86.7326042243201,0.0133079074421128,2455
"59588_019",TRUE,4,-0.0578126505834063,-0.168574170445618,0.0529488692788052,-0.243766956275818,0.128141655109006,73.1992678482692,0.00895887248517054,1562
"59588_020",TRUE,3,-0.00136413558519385,-0.267075831316869,0.264347560146481,-0.447459800899321,0.444731529728933,97.4192224808552,0.0524936193354438,2438
"59595_001",TRUE,4,0.192401860285427,-0.0476152149828295,0.432418935553684,-0.21055585139418,0.595359571965034,98.5291387139742,0.0584950426863159,4227
"59595_007",TRUE,4,0.454182215280261,0.181827856091266,0.726536574469256,-0.00306562519985254,0.911430055760375,99.3717444376443,0.0766330637343912,4903
"59725_001",TRUE,12,0.275840262021892,0.176232858949887,0.375447665093897,0.108612279748616,0.443068244295168,68.018775337919,0.0194741870602048,1175
"59725_002",TRUE,8,0.328821361752012,0.211292522956991,0.446350200547032,0.131505600428483,0.52613712307554,53.6173750289672,0.0149529624891603,493
"59725_003",TRUE,4,0.189300662298738,0.0186780561976591,0.359923268399818,-0.0971526862326477,0.475754010830124,78.7312384124743,0.0226241935784689,682
"59740_002",TRUE,4,0.0468916453154889,-0.0425550504750361,0.136338341106014,-0.103277819972628,0.197061110603606,78.4111768429293,0.0064379938194423,2329
"59740_003",TRUE,4,-0.035456457837876,-0.189540866839014,0.118627951163262,-0.29414430655534,0.223231390879588,95.6282993235926,0.023638801423341,3556
"59754_001",TRUE,32,0.29289880295076,0.205701319092654,0.380096286808867,0.14650547439107,0.439292131510451,91.839266730325,0.053116563027022,10619
"59754_002",TRUE,15,0.260607529048829,0.171935419956151,0.349279638141506,0.111738494919258,0.409476563178399,81.9800858692079,0.0208665756926713,9318
"59754_003",TRUE,5,0.426037656954258,0.284786518192095,0.567288795716421,0.188895213717148,0.663180100191369,69.4022128057368,0.0175644740588312,439
"59852_001",TRUE,3,0.315923903177999,0.23175062402662,0.400097182329377,0.174607824255283,0.457239982100714,0.012501897953634,1.31134433325396e-06,438
"59900_001",TRUE,21,0.0558864811107858,0.00812924929542083,0.103643712926151,-0.0242917513210678,0.136064713542639,93.9466996082196,0.010539769221169,31189
"59900_002",TRUE,8,0.0606906625379369,-0.0521300926600534,0.173511417735927,-0.128720833680557,0.25010215875643,96.6234176168045,0.0239970747386065,10777
"59900_003",TRUE,13,0.0933871898963563,0.0301834274932129,0.1565909522995,-0.0127237750799782,0.199498154872691,94.7044653316766,0.0117534794474863,20004
"59900_004",TRUE,3,-0.011859550578729,-0.0877078649571466,0.0639887637996886,-0.139199087411777,0.115479986254319,88.6207723590803,0.00390668256726007,6534
"60135_001",TRUE,4,0.0268645583845094,-0.0621199705371357,0.115849087306154,-0.122528988341606,0.176258105110625,0,0,486
"60141_004",TRUE,12,0.200223379388041,0.0738157115298108,0.326631047246271,-0.0119987907303899,0.412445549506472,99.2862744252556,0.0488091343112159,31630
"60141_011",TRUE,13,0.216140691520662,0.0286286278363438,0.403652755204981,-0.0986678778700953,0.53094926091142,99.7459817825865,0.117560261899037,35637
"60203_001",TRUE,4,0.0408349406698217,-0.00192654145483306,0.0835964227944764,-0.030956072389232,0.112625953728875,23.0263433045248,0.000440585841197078,2759
"60309_001",TRUE,36,0.09900593181459,0.0726779092510584,0.125333954378122,0.0548045777509575,0.143207285878223,0,0,5447
"60309_002",TRUE,12,0.12064044159682,0.06198881255267,0.179292070640969,0.0221719213905099,0.219108961803129,0,0,1095
"60309_003",TRUE,24,0.0935464831737765,0.0640832134185757,0.123009752928977,0.0440814534633472,0.143011512884206,0,0,4352
"60309_004",TRUE,15,0.113282525257922,0.0700758238706908,0.156489226645153,0.0407440464819273,0.185821004033916,0,0,2011
"60309_005",TRUE,18,0.0877963365902135,0.0536723086184695,0.121920364561957,0.0305064949845008,0.145086178195926,0,0,3255
"60339_001",TRUE,165,0.275429348088171,0.220322220731026,0.330536475445315,0.182911589040182,0.36794710713616,97.1482148131515,0.117354096013212,18963
"60339_002",TRUE,4,0.536657848921741,0.361351224450475,0.711964473393008,0.242340637697227,0.830975060146256,81.6616905697984,0.0256309368993501,318
"60339_003",TRUE,60,0.199310439879469,0.126355617196998,0.272265262561941,0.0768287023978184,0.32179217736112,84.2106199569739,0.0673955702417715,3648
"60339_004",TRUE,55,0.324872652920653,0.233389011461995,0.416356294379311,0.171283418583483,0.478461887257823,97.2400189927468,0.110156031866159,5377
"60339_005",TRUE,46,0.285015313979709,0.154809040994143,0.415221586965274,0.066415775801215,0.503614852158202,98.9605597327561,0.187193711511695,9620
"60347_001",TRUE,14,-0.254439529268942,-0.305990654234308,-0.202888404303576,-0.340987218958671,-0.167891839579213,92.619597461251,0.00847872965805044,22804
"60366_001",TRUE,9,0.149226592328873,0.0134353098121859,0.285017874845561,-0.078749456491017,0.377202641148764,70.2023387633282,0.0252865500339839,1101
"60366_002",TRUE,9,0.0887487505730944,-0.0138568845809886,0.191354385727177,-0.0835128766503504,0.261010377796539,43.6145132646218,0.00898014593289251,1113
"60496_001",TRUE,224,0.226776912471519,0.211082331303733,0.242471493639305,0.200427734997073,0.253126089945965,98.5335202480905,0.0129680176740987,1207757
"60496_002",TRUE,33,0.150359888569929,0.114656690838716,0.186063086301141,0.0904188246213148,0.210300952518543,94.1807644324129,0.00992755549493279,52475
"60496_003",TRUE,118,0.245024706737029,0.222570737767668,0.267478675706391,0.207327388977839,0.282722024496219,98.5241778076806,0.0141024860739424,527696
"60496_004",TRUE,33,0.184036508509112,0.15234609776649,0.215726919251735,0.13083239634017,0.237240620678055,93.1142660898733,0.00702355821827188,61940
"60496_005",TRUE,24,0.201194034708945,0.159388223535577,0.242999845882313,0.131007469913494,0.271380599504396,94.3681216029748,0.00945412277818536,42235
"60496_006",TRUE,28,0.245846955950247,0.20356249005371,0.288131421846785,0.174856791612066,0.316837120288428,97.374125182126,0.0118155883964313,105958
"60496_007",TRUE,13,0.147530141487824,0.0872071447725689,0.207853138203079,0.0462556105367737,0.248804672438874,93.9871107400528,0.011382551377687,17540
"60496_008",TRUE,11,0.170468409341823,0.129852666226875,0.211084152456772,0.102279815320025,0.238657003363621,81.7854320000427,0.00356648090600655,13878
"60496_009",TRUE,5,0.106153283147499,-0.0138196869732726,0.226126253268272,-0.0952658594249202,0.307572425719919,96.6832000066633,0.0177123757937209,13398
"60496_010",TRUE,3,0.124033559499445,0.0776257591485006,0.170441359850389,0.0461208484450338,0.201946270553855,67.2229646703475,0.00113023907289179,5281
"60704_001",TRUE,2,0.103520817369198,-0.0434478895942638,0.25048952433266,-0.143220685418957,0.350262320157353,79.109001505294,0.00889976266934558,835
"60704_002",TRUE,3,0.40645825934898,0.196051964377727,0.616864554320234,0.0532132285533991,0.759703290144561,96.2910588815302,0.0326552091478629,1802
"61094_001",TRUE,27,0.0357455277285601,0.0099026517986862,0.0615884036584341,-0.0076413277119671,0.0791323831690874,0,0,5736
"61303_002",TRUE,5,0.30415233621456,0.255076020777569,0.35322865165155,0.221759532519015,0.386545139910105,79.7797994851096,0.00244464136870088,6807
"61423_002",TRUE,6,-0.183019842581895,-0.255902838808689,-0.1101368463551,-0.305380992708728,-0.0606586924550619,91.0904519594187,0.00744046004102288,7855
"61434_001",TRUE,7,0.255308721764747,0.127424243665158,0.383193199864336,0.0406071777318643,0.47001026579763,79.1725222562922,0.0218725751768227,1192
"61434_002",TRUE,3,0.198736377094265,-0.129737400553287,0.527210154741816,-0.352728728626564,0.750201482815093,83.1034662700644,0.0693704377423626,201
"61445_001",TRUE,17,-0.101077244365172,-0.167657762569134,-0.0344967261612091,-0.21285734679299,0.0107028580626468,95.8159885902856,0.0171792200114891,23577
"61447_001",TRUE,6,0.430000880412521,0.214592936676655,0.645408824148387,0.0683587264599277,0.791643034365114,85.8832527649039,0.0601518263242005,317
"61447_002",TRUE,4,0.319004779284896,0.121125700932369,0.516883857637422,-0.0132086705835571,0.651218229153348,87.0119939031943,0.0306581860156221,767
"61448_001",TRUE,2,0.157222674929463,0.0307402412768496,0.283705108582077,-0.0551250173143542,0.369570367173281,74.7182179534257,0.00631368941706447,1158
"61448_002",TRUE,3,-0.21466494522001,-0.257654299338323,-0.171675591101696,-0.286838525965208,-0.142491364474812,0.00246038032130652,3.88667466229606e-08,1891
"61450_001",TRUE,9,-0.114071281000041,-0.261011882689593,0.0328693206895108,-0.360765598658353,0.132623036658271,76.1899082101385,0.0352880820634282,760
"61452_003",TRUE,11,0.104480455510379,0.000965334192366579,0.207995576828392,-0.0693080816756661,0.278268992696425,37.8638193331733,0.00943752998484326,796
"61452_004",TRUE,10,0.163943844729183,0.017175356579342,0.310712332879023,-0.0824615164953693,0.410349205953734,84.8365439034996,0.0452023051968679,1183
"61455_001",TRUE,42,-0.0302873115908668,-0.0559617568303975,-0.00461286635133611,-0.0733913936267041,0.0128167704449705,89.1327599244401,0.00582105610413322,59340
"61458_001",TRUE,56,0.105529287571836,0.0575833944567876,0.153475180686885,0.0250343171515787,0.186024257992094,65.503587251143,0.0196104993222971,5189
"61458_002",TRUE,29,0.188737917489201,0.0855084904464183,0.291967344531983,0.0154290241420702,0.362046810836331,76.2985531929953,0.0603775190727411,1230
"61462_001",TRUE,11,0.131483120399972,0.0530574309087643,0.209908809891181,-0.000183496814457812,0.263149737614403,95.5154780251364,0.0157107796590553,16084
"61463_001",TRUE,8,-0.121106394674598,-0.173059714313685,-0.069153075035511,-0.208329317345944,-0.0338834720032524,79.3951311449572,0.0042176287685556,7634
"61463_002",TRUE,3,-0.147543700313822,-0.192803270647077,-0.102284129980566,-0.223528681268645,-0.0715587193589986,0,0,1797
"61463_003",TRUE,5,-0.106431055277993,-0.184454398674004,-0.0284077118819823,-0.237422185293679,0.0245600747376921,87.5567801943827,0.00662316686355618,5837
"61463_004",TRUE,3,0.0841733520461306,0.000198092555641058,0.16814861153662,-0.05681027740677,0.225156981499031,70.0891357916069,0.00384456006543102,1836
"61479_001",TRUE,5,-0.0650295704837487,-0.152917378403821,0.0228582374363234,-0.212581864104639,0.0825227231371413,76.3082003810962,0.00715714235380188,3003
"61479_002",TRUE,3,0.0659827899135449,-0.0131525289785512,0.145118108805641,-0.0668752035361085,0.198840783363198,34.5455105656791,0.00169725839963041,948
"61480_001",TRUE,3,0.20934486179124,0.149499450416948,0.269190273165532,0.108872135028126,0.309817588554354,74.5290903372448,0.00200395067524807,5042
"61480_002",TRUE,3,0.129883678920509,0.0861365545284578,0.173630803312559,0.0564378996238415,0.203329458217176,50.8816701930735,0.000750495659633143,5042
"61485_001",TRUE,39,0.0567540453307118,-0.00221410557356434,0.115722196234988,-0.0422458742533739,0.155753964914798,83.6054481963234,0.0285327270225897,6557
"61489_001",TRUE,16,0.15115482481846,0.0544518114740322,0.247857838162889,-0.0111970617139512,0.313506711350872,66.5823669895494,0.0235538910831809,1287
"61489_002",TRUE,13,0.0660763937286298,-0.0718762356918098,0.204029023149069,-0.165528277769494,0.297681065226754,60.7429540961442,0.0388276962510427,471
"61491_001",TRUE,7,-1.35568955729332e-05,-0.0834723339222569,0.083445220131111,-0.140130078908284,0.140102965117138,89.7596255646547,0.0100123507748554,6617
"61491_002",TRUE,12,0.0806743963668428,0.0082782144015955,0.15307057833209,-0.0408694554047511,0.202218248138437,85.036021635537,0.0128876993178586,5522
"61492_001",TRUE,8,0.108835596727181,0.0180940387131132,0.199577154741249,-0.0435077752213521,0.261178968675715,87.5538134174981,0.0121793285161111,5273
"61492_002",TRUE,4,0.158552062803921,0.0900285599106678,0.227075565697174,0.0435099396913242,0.273594185916517,50.0396451019903,0.00231521351553213,1931
"6524_001",TRUE,4,-0.164743087887572,-0.19657963301478,-0.132906542760363,-0.218192540839642,-0.111293634935501,39.2290429440681,0.000410136390151744,7611
"6524_002",TRUE,7,-0.117044659942372,-0.179473987759439,-0.0546153321253048,-0.221855449136204,-0.0122338707485398,94.2290965496444,0.00619313201379607,18902
"6524_003",TRUE,5,-0.122797893481322,-0.206321881105976,-0.0392739058566671,-0.263023895677082,0.017428108714439,92.1969670459336,0.00760019934253877,11850
"6524_004",TRUE,8,-0.0535777360228465,-0.0976385442468951,-0.00951692779879791,-0.127550150014114,0.0203946779684207,28.7440028066725,0.00107163805776902,3321
"6524_005",TRUE,10,-0.0559735677114331,-0.102433291274685,-0.00951384414818143,-0.133973451142189,0.0220263157193229,78.0438656423117,0.00382070282514357,9798
"6524_006",TRUE,6,0.0268719382254803,-0.0166727469949067,0.0704166234458673,-0.0462339718128151,0.0999778482637756,42.9998248117161,0.00110640162956633,5633
"6524_007",TRUE,8,0.0317554234904735,0.00633250325935321,0.0571783437215938,-0.0109263804982458,0.0744372274791928,0.0790128777910249,1.44953540779686e-06,5945
"6524_008",TRUE,2,0.0394362183285762,0.00602271283490065,0.0728497238222517,-0.0166607476805175,0.0955331843376698,0,0,3432
"6524_009",TRUE,1,0.04,0.00583750759366156,0.0741624924063384,-0.017354418430207,0.097354418430207,0,0,3282
"6524_011",TRUE,8,0.05929313719471,-0.00168513511852664,0.120271409507947,-0.0430815169671036,0.161667791356524,90.0397487517152,0.00650521170096846,11712
"6524_012",TRUE,3,0.0920727416298843,-0.0109420333649768,0.195087516624745,-0.08087577861487,0.265021261874639,72.5991893339868,0.00579437230599676,1729
"6524_013",TRUE,6,0.106656611396124,0.0534638645348283,0.15984935825742,0.0173528502815285,0.195960372510719,67.007777236985,0.00262200399926293,5916
"6524_014",TRUE,3,0.130843120321732,0.105073875750482,0.156612364892982,0.0875798824352716,0.174106358208193,0,0,5590
"6524_015",TRUE,2,0.132155980050854,0.0165403026870228,0.247771657414685,-0.0619478299916086,0.326259790093317,93.9732478400028,0.00654241751462099,5063
"6524_016",TRUE,4,0.201136543420776,0.10794792328138,0.294325163560171,0.0446848697888823,0.357588217052669,86.1239050208206,0.0071904572181678,3867
"6739_002",TRUE,13,0.23343380126226,0.0964123436241173,0.370455258900402,0.00339244708293759,0.463475155441582,90.4172043432497,0.056566945500544,1756
"7374_019",TRUE,22,0.0370196761678274,0.00166337442403128,0.0723759779116234,-0.0223389941609832,0.0963783464966379,73.8803148697372,0.00511370727444526,12107
"7374_031",TRUE,16,0.0781045131416667,0.0365832802287274,0.119625746054606,0.00839571854022376,0.14781330774311,84.9504750370774,0.00557001156347425,17019
"7374_033",TRUE,25,0.0820741776157872,0.0517699535803001,0.112378401651274,0.0311972941360683,0.132951061095506,75.0838124335513,0.00412769052812424,18127
"7702_005",TRUE,4,0.0715224875226674,-0.123325373625418,0.266370348670753,-0.255601939629629,0.398646914674964,87.0454575363964,0.0308016686875434,1102
"8365_001",TRUE,5,-0.0759905533017986,-0.159973297086575,0.00799219048297749,-0.216986747919473,0.0650056413158757,0,0,541
"8556_119",TRUE,12,0.0623415704666684,0.0278318085522263,0.0968513323811105,0.00440413132360107,0.120279009609736,0.0408656709559111,1.741704735034e-06,3196
"8556_138",TRUE,4,0.149317633914743,0.0425313104928052,0.256103957336682,-0.0299628296801465,0.328598097509633,77.3181172633106,0.00802550566794519,2047
