"effect_size_id","k","r","cilb","ciub","p","i2","n","sig999"
"48113_001",3,0.0339473583716753,-0.00347231481037266,0.0713670315537232,0.0753888415896274,0,2739,FALSE
"48113_002",7,0.0112467598989787,-0.124807639897844,0.147301159695801,0.871291779914129,90.5826130658652,4651,FALSE
"48113_004",6,0.0337790154622691,-0.0058762766807301,0.0734343076052683,0.095012620495347,58.5326987673464,6034,FALSE
"48113_005",5,-0.0289698982443978,-0.0681081416218,0.0101683451330045,0.146848415104153,46.7003822848808,5240,FALSE
"48113_006",5,-0.0104711917680386,-0.0489560724721629,0.0280136889360856,0.593840821180547,53.8400155133666,5812,FALSE
"48113_010",6,0.178107785251376,0.0461981417759876,0.310017428726765,0.00813550791677728,36.4190650925556,324,FALSE
"48113_013",12,0.082958361198587,0.0148802687818887,0.151036453615285,0.0169234793444492,90.8714964953451,10408,FALSE
"48113_016",6,0.610854640774339,0.454289194500009,0.767420087048669,2.05751663233397e-14,99.2354837805075,5775,TRUE
"47569_001",18,-0.113236804080358,-0.236076892273939,0.00960328411322234,0.07080288266347,98.4639940942215,13100,FALSE
"47569_002",18,-0.0954472377667047,-0.151887831284474,-0.039006644248935,0.000918025182629065,97.5221493471624,62135,TRUE
"47569_003",8,-0.0933538184174108,-0.182556072696416,-0.00415156413840503,0.0402491567521526,95.2684901896269,16761,FALSE
"47569_004",7,-0.123034716795145,-0.176197849761038,-0.0698715838292515,5.73534521449162e-06,78.6176283319264,14115,TRUE
"47569_005",10,-0.0787248061060703,-0.118397679851876,-0.0390519323602646,0.000100553861818278,40.0286572761956,4276,TRUE
"47837_001",7,0.126032335781914,-0.0890840772583371,0.341148748822165,0.250843469293511,89.7707875024327,753,FALSE
"47837_002",4,-0.142291084980722,-0.375844692766501,0.0912625228050582,0.23244046289528,79.3792426011672,309,FALSE
"47837_003",2,0.157739019221682,-0.00220214800232513,0.317680186445688,0.0532388779047998,9.84612994868098,161,FALSE
"47837_004",2,0.222827524157363,-0.0427960258381382,0.488451074152864,0.100138254390565,67.0422112002145,161,FALSE
"47837_005",2,-0.115066878833094,-0.211257399339747,-0.0188763583264411,0.0190482220589735,0,406,FALSE
"47484_001",9,-0.0189861714917664,-0.072145274244931,0.0341729312613983,0.483917431553791,0,1358,FALSE
"47484_002",3,-0.0208550439202872,-0.155035059706224,0.11332497186565,0.760648668195251,0,216,FALSE
"47484_003",6,0.201629820546727,0.0108983950130764,0.392361246080377,0.0382695129788947,85.979380306879,906,FALSE
"47484_004",6,-0.111397117977425,-0.20051242183215,-0.0222818141227011,0.0142848001864104,46.0729990396994,1148,FALSE
"47484_005",3,-0.228106216088411,-0.481261188510408,0.0250487563335849,0.0773903572139995,91.0183373892323,758,FALSE
"47783_001",38,-0.14447671419212,-0.197534142552611,-0.0914192858316294,9.44807294940369e-08,90.9142124603019,18318,TRUE
"6524_001",4,-0.164743087887572,-0.19657963301478,-0.132906542760363,3.59164919997302e-24,39.2290429440681,7611,TRUE
"6524_002",7,-0.117044659942372,-0.179473987759439,-0.0546153321253048,0.000238214707189275,94.2290965496444,18902,TRUE
"6524_003",5,-0.122797893481322,-0.206321881105976,-0.0392739058566671,0.00395710882185741,92.1969670459336,11850,FALSE
"6524_004",8,-0.0535777360228465,-0.0976385442468951,-0.00951692779879791,0.0171578784541914,28.7440028066725,3321,FALSE
"6524_005",10,-0.0559735677114331,-0.102433291274685,-0.00951384414818143,0.0182101129218087,78.0438656423117,9798,FALSE
"52311_001",3,0.126578507970051,-0.0424103670147728,0.295567382954875,0.142082285809288,0,133,FALSE
"52311_002",2,0.106467134949459,-0.102243584439061,0.315177854337979,0.317400875260326,0,88,FALSE
"52311_003",4,-0.142638642669535,-0.281440339589345,-0.00383694574972529,0.0439944190792847,1.02649125255294,192,FALSE
"52311_004",2,0.224047228894098,0.0302414052486345,0.417853052539561,0.0234638639359734,0,94,FALSE
"52311_005",2,0.230645100563706,0.0344003298800996,0.426889871247312,0.0212489342206176,0,91,FALSE
"52311_006",4,0.227304910515593,0.0894092879967974,0.365200533034388,0.00123455994435658,0,185,FALSE
"52311_007",2,0.363193310093262,0.0163959022540925,0.709990717932432,0.0401087432712229,0,26,FALSE
"47429_001",27,0.205774909607051,0.161101271224608,0.250448547989493,1.74916355625913e-19,97.0249805219815,66407,TRUE
"47429_002",14,0.188212665454895,0.135448843956412,0.240976486953379,2.7226456246186e-12,96.0936149353588,36228,TRUE
"47429_003",14,0.208654873100728,0.135987431679454,0.281322314522002,1.82548605052715e-08,96.2479910808955,23096,TRUE
"48050_001",19,-0.121088358913023,-0.254394791555709,0.0122180737296619,0.0750227294725643,86.8237388184474,1347,FALSE
"6739_002",13,0.23343380126226,0.0964123436241173,0.370455258900402,0.000840646693742632,90.4172043432497,1756,TRUE
"7702_005",4,0.0715224875226674,-0.123325373625418,0.266370348670753,0.471869370369541,87.0454575363964,1102,FALSE
"34306_032",7,0.149316799847271,0.127567762291693,0.171065837402849,2.83784303088837e-41,0,7768,TRUE
"34306_034",9,0.195755262983448,0.183891638441145,0.20761888752575,1.89872686035922e-229,0,25242,TRUE
"52549_003",6,0.161491084667219,-0.00660243549218842,0.329584604826626,0.0597031000343683,53.5831669788427,294,FALSE
"48113_008",3,-0.0461070609685571,-0.0834835342293674,-0.00873058770774682,0.0156154121277867,37.3731144008547,5045,FALSE
"48113_017",4,0.517757874996505,0.399501312944596,0.636014437048413,9.38637821955681e-18,96.3042018772017,4085,TRUE
"48113_019",4,0.0306810021650922,-0.0351718146657735,0.0965338189959578,0.361162382362455,73.9430989960564,3435,FALSE
"50271_001",79,0.212970796401119,0.149862542642638,0.2760790501596,3.73387252680459e-11,85.2479080511414,5810,TRUE
"50609_001",3,-0.0194691955941408,-0.185806374279297,0.146867983091015,0.818552553864451,0.00415020391886144,138,FALSE
"50609_002",3,0.231645323122446,0.0726407341434396,0.390649912101453,0.00429870940602984,0,138,FALSE
"50837_001",57,0.128037066205763,0.0796974929207818,0.176376639490744,2.08765589858708e-07,37.9972385458555,2606,TRUE
"52166_001",2,-0.109654812447351,-0.668146296962356,0.448836672067654,0.700369732097499,97.3034093468497,804,FALSE
"52166_002",2,-0.207102172042797,-0.266921733493952,-0.147282610591643,1.15589217881671e-11,0,984,TRUE
"52166_003",1,-0.03,-0.0863175689670439,0.0263175689670439,0.296457643287157,0,1210,FALSE
"52166_004",2,0.0519407051253628,-0.0144135892852982,0.118294999536024,0.124976184588384,0,869,FALSE
"47594_001",15,0.179127462832928,0.104067261046528,0.254187664619329,2.90595795083433e-06,81.8689737319598,3842,TRUE
"47733_001",8,-0.14572490832432,-0.239475328744379,-0.0519744879042609,0.00231482098008962,99.5107553693985,179186,FALSE
"47484_006",6,-0.0213622194543683,-0.0883589844761593,0.0456345455674228,0.532008259099127,0,853,FALSE
"47484_007",3,-0.0149478324637626,-0.102290734907447,0.0723950699799222,0.737302610195775,0,505,FALSE
"47484_008",5,0.143677978754458,-0.0494580624777922,0.336814019986708,0.144824394503988,82.8182176587344,826,FALSE
"47484_009",1,0.451136088266239,0.275502584791768,0.626769591740709,4.79331081597722e-07,0,80,TRUE
"47484_011",1,-0.0179970847083967,-0.127356174324857,0.0913620049080633,0.747037010863314,0,322,FALSE
"47484_010",5,-0.138946644769638,-0.22385893123808,-0.0540343583011957,0.00134035234568142,21.4994452988799,826,FALSE
"47484_012",2,-0.0394739694026932,-0.28579512234563,0.206847183540244,0.753450996461475,0,65,FALSE
"47484_013",1,-0.0129989016392153,-0.173002250285138,0.147004447006707,0.873487443057634,0,151,FALSE
"47448_001",7,-0.0954579199542102,-0.174871300565365,-0.0160445393430551,0.0184753222076068,87.1396815544814,6184,FALSE
"8365_001",5,-0.0759905533017986,-0.159973297086575,0.00799219048297749,0.0761550559343569,0,541,FALSE
"14243_003",4,0.0772173688968579,-0.112860513785851,0.267295251579567,0.425905855520598,13.0906291112757,124,FALSE
"15101_001",7,-0.0427418412919102,-0.123809805969959,0.0383261233861391,0.301435010510328,0,588,FALSE
"16550_001",5,0.0837371397117401,-0.100519413944722,0.267993693368203,0.37307712935555,98.31611144165,7888,FALSE
"16550_003",9,0.10970568425753,0.0245291737940127,0.194882194721046,0.0115897494241883,97.8764548656365,25716,FALSE
"16712_013",38,0.125878701236093,0.0581100427803098,0.193647359691876,0.000272016799599254,93.3804988709092,18078,TRUE
"17314_004",12,0.382882556935616,0.226218990219855,0.539546123651378,1.66688294288619e-06,91.2833516181076,1064,TRUE
"18648_001",11,0.280951015970588,0.130727264407291,0.431174767533884,0.000246799877621636,73.0510365248724,851,TRUE
"42288_001",50,0.129283983803269,0.0701873212567236,0.188380646349815,1.80488806197175e-05,57.9657198821477,3083,TRUE
"42168_002",15,0.334644952469608,0.246951416275899,0.422338488663317,7.46820073824233e-14,68.9716892830237,1474,TRUE
"42162_001",5,0.109298327879755,-0.0278606793267574,0.246457335086267,0.118325063449287,50.6005132594948,561,FALSE
"41430_001",25,0.321282896576271,0.209859971523194,0.432705821629347,1.5908487857628e-08,88.0654552738352,2008,TRUE
"39489_017",10,-0.116237851977533,-0.180478531370788,-0.051997172584278,0.000390559276212105,16.0228398285009,1233,TRUE
"39489_027",6,-0.0899989579683527,-0.161208999815014,-0.0187889161216913,0.0132453108866009,0,748,FALSE
"37653_002",85,0.270953745850685,0.210661862429457,0.331245629271913,1.27235069258661e-18,97.0972694556826,36793,TRUE
"37477_028",9,0.430190210901236,0.291317939985035,0.569062481817437,1.26753207118432e-09,91.1522289986917,1174,TRUE
"37402_009",73,0.0687013198491637,0.0472562386923393,0.090146401005988,3.40916223258607e-10,81.5830959681386,56891,TRUE
"35660_003",33,0.113697770032504,0.0525850507954478,0.174810489269561,0.000265904105089632,88.2276755949784,9525,TRUE
"34670_003",38,0.0848634913236956,0.0480276125692976,0.121699370078094,6.31920228588559e-06,85.6450979593337,26411,TRUE
"34220_002",23,-0.0869708091101176,-0.129850471390256,-0.0440911468299796,7.02896836415397e-05,96.3235276619969,86507,TRUE
"20223_015",50,0.107925978054372,0.0463768734861652,0.169475082622579,0.000588663007673928,56.9762037376541,2288,TRUE
"20746_001",2,0.0137419070086074,-0.174115855355793,0.201599669373008,0.885995976094495,0,109,FALSE
"20746_003",7,0.226754843388374,0.104251562301181,0.349258124475567,0.000285720774588089,43.1974199725307,401,TRUE
"47783_022",12,0.148443462459183,0.0157446134429689,0.281142311475397,0.028342545995168,95.9791802486038,6083,FALSE
"47783_010",5,-0.188104212757417,-0.312390704997985,-0.0638177205168502,0.00301355382968369,70.7369322908373,2792,FALSE
"47783_015",13,0.131004151848905,0.028661911472259,0.233346392225551,0.0121117905978326,81.2516361548898,1955,FALSE
"47769_001",68,0.205282784378542,0.134639134706517,0.275926434050568,1.23052154993874e-08,87.1636639251986,3540,TRUE
"47769_004",14,0.21308537220379,0.114877994233609,0.311292750173972,2.11274365204272e-05,52.4301776687269,800,TRUE
"47769_005",13,0.184890774413569,-0.0260212452837527,0.39580279411089,0.085768591098401,92.5266539995176,571,FALSE
"47769_006",11,0.154269325322976,0.0220399604841979,0.286498690161754,0.0222162406760563,70.7421359529662,693,FALSE
"47769_007",19,0.199704451517985,0.0447935184828744,0.354615384553097,0.0115139644179546,90.2566928658865,948,FALSE
"47769_008",11,0.265508772080232,0.0896394585916666,0.441378085568797,0.00308694161737822,85.1339043898254,528,FALSE
"7374_019",22,0.0370196761678274,0.00166337442403128,0.0723759779116234,0.0401528959113564,73.8803148697372,12107,FALSE
"7374_031",16,0.0781045131416667,0.0365832802287274,0.119625746054606,0.000227058368166417,84.9504750370774,17019,TRUE
"7374_033",25,0.0820741776157872,0.0517699535803001,0.112378401651274,1.10682062984352e-07,75.0838124335513,18127,TRUE
"6524_006",6,0.0268719382254803,-0.0166727469949067,0.0704166234458673,0.226464336130503,42.9998248117161,5633,FALSE
"6524_007",8,0.0317554234904735,0.00633250325935321,0.0571783437215938,0.0143586153064752,0.0790128777910249,5945,FALSE
"6524_008",2,0.0394362183285762,0.00602271283490065,0.0728497238222517,0.0207092663060718,0,3432,FALSE
"6524_009",1,0.04,0.00583750759366156,0.0741624924063384,0.021740440562675,0,3282,FALSE
"6524_012",3,0.0920727416298843,-0.0109420333649768,0.195087516624745,0.0798115860557975,72.5991893339868,1729,FALSE
"6524_011",8,0.05929313719471,-0.00168513511852664,0.120271409507947,0.0566761120012238,90.0397487517152,11712,FALSE
"6524_013",6,0.106656611396124,0.0534638645348283,0.15984935825742,8.49749438050605e-05,67.007777236985,5916,TRUE
"6524_014",3,0.130843120321732,0.105073875750482,0.156612364892982,2.47910324105399e-23,0,5590,TRUE
"6524_015",2,0.132155980050854,0.0165403026870228,0.247771657414685,0.0250674361755493,93.9732478400028,5063,FALSE
"6524_016",4,0.201136543420776,0.10794792328138,0.294325163560171,2.33329081255896e-05,86.1239050208206,3867,TRUE
"48113_014",8,0.131362297221683,0.035471921740824,0.227252672702543,0.00725304550009013,91.6088247821159,5538,FALSE
"47783_016",7,0.137889650970768,-0.0379230873762797,0.313702389317815,0.124245164180412,90.0893952443819,1228,FALSE
"47491_002",4,0.158929859913371,0.0855444467194613,0.23231527310728,2.18916152080193e-05,55.7982450235897,1868,TRUE
"47491_001",4,0.116569803681436,-0.0510525274174689,0.284192134780341,0.172876156428542,82.5056560002435,955,FALSE
"47448_004",4,-0.108823411065269,-0.263094543486985,0.0454477213564469,0.166798091853949,93.1073871292995,3803,FALSE
"37768_004",5,0.275740426252323,0.178649723014685,0.372831129489961,2.60123300642539e-08,0,348,TRUE
"19816_131",8,0.220628464485483,0.121044831020007,0.320212097950959,1.40987006765899e-05,47.9888581527882,710,TRUE
"19816_122",4,-0.200111614713101,-0.637610520381066,0.237387290954863,0.36999335940739,99.0105305410642,2298,FALSE
"8556_138",4,0.149317633914743,0.0425313104928052,0.256103957336682,0.00613295867659497,77.3181172633106,2047,FALSE
"8556_119",12,0.0623415704666684,0.0278318085522263,0.0968513323811105,0.000399131968120245,0.0408656709559111,3196,TRUE
"51998_003",7,0.154525051220286,0.0288063777772604,0.280243724663311,0.0159937702629301,69.7674983125913,913,FALSE
"51998_001",5,0.152585765508302,0.0216288521548613,0.283542678861743,0.0223908288607585,38.8874916634665,391,FALSE
"51998_002",4,0.201506719872241,0.0925699805836934,0.310443459160789,0.000288446285751341,0,298,TRUE
"52765_001",3,0.053755521909478,-0.0449715817902358,0.152482625609192,0.285893779670329,88.9676351837441,6773,FALSE
"52765_002",3,0.053755521909478,-0.0449715817902358,0.152482625609192,0.285893779670329,88.9676351837441,6773,FALSE
"52765_004",3,0.053755521909478,-0.0449715817902358,0.152482625609192,0.285893779670329,88.9676351837441,6773,FALSE
"52765_005",3,0.053755521909478,-0.0449715817902358,0.152482625609192,0.285893779670329,88.9676351837441,6773,FALSE
"52772_001",7,-0.139428143091081,-0.262016031350766,-0.0168402548313962,0.025799939558376,62.1382622709729,898,FALSE
"52772_002",4,0.212239287414663,-0.00904309727733754,0.433521672106663,0.0601262638096153,90.2013664042177,892,FALSE
"52795_001",4,-0.0970469638935897,-0.184917128383562,-0.00917679940361779,0.0304141478104243,0,488,FALSE
"52795_002",6,-0.0315950230354083,-0.112110334617368,0.0489202885465516,0.441828189531725,0,597,FALSE
"52795_003",3,-0.301692782740641,-0.463574729310374,-0.139810836170909,0.000259492329173459,44.0345693847523,408,TRUE
"52795_004",3,-0.191130262386917,-0.54973232880978,0.167471804035947,0.296191489338419,90.1438531675091,443,FALSE
"52795_005",3,-0.0555648026444627,-0.31669135212371,0.205561746834784,0.676635716977279,75.1599880709841,408,FALSE
"52818_001",4,-0.0534552573288275,-0.151664230807196,0.0447537161495409,0.286057346964298,80.618403818948,2280,FALSE
"52818_002",3,0.287065115473061,0.208639228012737,0.365491002933385,7.27699617940136e-13,69.0856296205445,1964,TRUE
"52906_001",4,0.227979309581217,0.046239593624257,0.409719025538178,0.0139467164855663,88.6900816651204,980,FALSE
"52906_002",1,0.0149983127847122,-0.155556280524954,0.185552906094379,0.863157452099364,0,133,FALSE
"53014_001",16,0.188640794942952,0.0760121086651401,0.301269481220763,0.00102808386772048,72.6910293486399,967,FALSE
"53014_002",3,0.407575714765323,0.0983820581362951,0.716769371394351,0.0097774209735511,80.4725647790849,131,FALSE
"53014_003",7,0.0722941948107834,-0.0181903396412224,0.162778729262789,0.117360940439686,0,467,FALSE
"53014_004",6,0.206174062088759,0.0117427404475862,0.400605383729932,0.0376783656405421,76.4121401396692,369,FALSE
"53014_005",9,0.285968430207079,0.11157043645874,0.460366423955418,0.00130971127679183,76.4059209596762,390,FALSE
"53014_006",7,0.0730564931361931,-0.00843317044103969,0.154546156713426,0.0788953127961504,0,577,FALSE
"53014_007",7,0.151224115670169,0.0601955655970271,0.24225266574331,0.00112972500474933,0.00742319209625026,439,FALSE
"53014_008",9,0.20513992404647,0.0221591538881966,0.388120694204744,0.0279977730333315,82.5141928377212,528,FALSE
"53145_001",36,0.198010908683781,0.14513727084955,0.250884546518012,2.13541105099856e-13,54.9025479123193,2975,TRUE
"53160_001",12,0.121823722265635,0.053604758669243,0.190042685862028,0.000465162594974546,97.4716879681344,93740,TRUE
"53940_001",28,0.0565512408353876,0.0378183365596017,0.0752841451111735,3.28313665213539e-09,91.5806247962799,232501,TRUE
"53940_002",3,0.0583508849669659,-0.00458036294205216,0.121282132875984,0.0691695456700076,67.8897082201225,3754,FALSE
"53940_003",24,0.0570655584938264,0.036565517782128,0.0775655992055249,4.87218348800771e-08,93.0033918736809,228377,TRUE
"53940_004",18,0.0587438270136257,0.0329665215244718,0.0845211325027796,7.94887645497384e-06,95.4110637424047,220282,TRUE
"53940_005",10,0.0534901729219627,0.0284958471349045,0.0784844987090209,2.73468700471816e-05,46.3808540999557,12219,TRUE
"53940_006",18,0.0591598134023499,0.0357650401734136,0.0825545866312863,7.18547445305648e-07,92.8588362301724,191975,TRUE
"53940_007",6,0.0464724525725874,-0.0072827259148231,0.100227631059998,0.0901837927775741,82.9276375611715,34997,FALSE
"53940_008",4,0.0614921741108059,0.0201308632919488,0.102853484929663,0.00356951883474579,49.5795213718427,5529,FALSE
"54015_001",27,0.213745380720681,0.165641799675025,0.261848961766337,3.06614461270324e-18,89.266803525205,15443,TRUE
"54366_001",4,0.071547512521583,-0.0942951136199151,0.237390138663081,0.397796037800377,85.5865627848834,1275,FALSE
"55544_001",13,0.256113885731849,0.103118422962757,0.409109348500941,0.00103449623869318,83.084008754027,982,FALSE
"55554_001",15,0.0889128242944612,0.0599597027259425,0.11786594586298,1.756066838087e-09,89.562662471614,52377,TRUE
"55554_004",12,0.0910398101574588,0.0577221075106495,0.124357512804268,8.52947611736478e-08,90.8831097426628,44550,TRUE
"55554_005",3,0.0800604377410888,0.0140859338160777,0.1460349416661,0.0173866555009775,75.5518218722153,7827,FALSE
"55560_001",14,0.393930931293232,0.208323363084681,0.579538499501784,3.18525823713232e-05,92.480336832163,676,TRUE
"55560_002",11,0.329326367065816,0.107975783942678,0.550676950188953,0.00354501638675901,92.0745367033189,519,FALSE
"55560_003",3,0.621514346822319,0.407489837989663,0.835538855654975,1.25841181226822e-08,81.3683891463584,157,TRUE
"55560_006",3,0.215214392314285,-0.358597990608319,0.78902677523689,0.462275436822278,94.6522899402735,147,FALSE
"55560_007",12,0.423657802947746,0.246422514105368,0.600893091790125,2.7990820920106e-06,89.277290573065,569,TRUE
"55569_001",11,0.0928502409781442,0.0140913523494761,0.171609129606812,0.0208529655947679,82.2548364905175,4954,FALSE
"55569_002",10,0.160657697704873,0.105455455882696,0.215859939527051,1.16907255061053e-08,67.1920719238902,5124,TRUE
"55569_003",5,0.055281512173276,-0.061688145202215,0.172251169548767,0.354286634784227,74.8638685012697,1745,FALSE
"55569_004",9,0.0996837137257183,0.0257568392215373,0.173610588229899,0.00822152294792845,82.8322344813345,5773,FALSE
"55569_005",8,0.108599034940995,-0.0142271902324332,0.231425260114422,0.0831067409911053,92.4834410415498,3715,FALSE
"55569_006",8,0.0393016444280415,-0.0738036886570851,0.152406977513168,0.49584309497787,93.1466456584792,5181,FALSE
"55945_001",8,-0.156623500516247,-0.208355694826104,-0.10489130620639,2.95726152944338e-09,75.7356968600189,11429,TRUE
"55958_001",5,-0.0330164826278438,-0.154854522028922,0.0888215567732345,0.595332797077746,83.4071636374538,1839,FALSE
"55958_002",2,0.0880468660611535,0.0098873372818364,0.166206394840471,0.0272510103784195,0,621,FALSE
"57114_001",3,0.0462300346940547,-0.0373871285584315,0.129847197946541,0.278533464972154,0.000570838533067823,546,FALSE
"57182_001",14,0.389046583498624,0.29700037032871,0.481092796668537,1.19035378618643e-16,97.8209718119387,15139,TRUE
"57223_001",20,0.0872528562011851,0.0627205751935045,0.111785137208866,3.14885273932832e-12,37.7862029521574,11675,TRUE
"57223_002",7,0.00676135216713691,-0.09729440137457,0.110817105708844,0.898659535587727,87.7218998867005,3333,FALSE
"57223_003",11,0.0967696390301768,0.0621538004955819,0.131385477564772,4.27399367036665e-08,45.7003667943236,6675,TRUE
"57223_004",8,0.0721182970311732,0.0337633497411147,0.110473244321232,0.000228438608249575,35.2555846743094,4809,TRUE
"57223_005",1,0.108,-0.0325322194852681,0.248532219485268,0.132004003989455,0,191,FALSE
"57230_001",9,0.0588720259904118,-0.0170879259498938,0.134831977930717,0.12874962710418,92.3496893454087,13856,FALSE
"57230_002",2,0.179496402760334,0.131699377970392,0.227293427550276,1.83323642292023e-13,26.2089042928704,2232,TRUE
"57230_003",4,0.334348489972678,0.226698013121136,0.44199896682422,1.14762430099217e-09,94.4400035556517,6327,TRUE
"57313_001",122,-0.260318715310759,-0.315159475375324,-0.205477955246193,1.35796814339782e-20,75.1921178921126,3436,TRUE
"57313_002",88,-0.306074447436652,-0.364745838502109,-0.247403056371194,1.53770155381898e-24,69.7646596100342,2433,TRUE
"57313_003",34,-0.15014466663988,-0.268815586639439,-0.0314737466403197,0.013146233320267,80.2747566665279,1003,FALSE
"57313_004",73,-0.270224236622286,-0.344477279178503,-0.19597119406607,9.83698479100021e-13,77.5940644822893,1879,TRUE
"57313_005",21,-0.148685500440499,-0.239563760283099,-0.0578072405979003,0.00134272533819727,44.4634074051415,810,FALSE
"57313_006",16,-0.474290702747476,-0.598062064224084,-0.350519341270868,5.88732956034255e-14,68.5455658370119,399,TRUE
"57313_007",12,-0.113726308153674,-0.244474842759921,0.0170222264525732,0.0882326358061598,37.0168352443072,348,FALSE
"58322_001",26,-0.0240298537758079,-0.080598073704483,0.0325383661528671,0.405080850515161,0,1192,FALSE
"58322_002",18,0.135548601615342,0.0706692757465442,0.200427927484139,4.2246232124608e-05,0,871,TRUE
"59120_002",9,0.0676274133886124,0.0148795628396314,0.120375263937593,0.011976115511503,92.0604306032551,22235,FALSE
"59120_004",4,0.119244590422474,0.0416633568945977,0.19682582395035,0.00259087428294057,90.0070323350895,6395,FALSE
"59157_001",14,0.305841420446515,0.215490926813589,0.396191914079441,3.2541338375264e-11,17.2756773266503,472,TRUE
"59157_002",2,0.0389727770884792,-0.194926333608484,0.272871887785443,0.743990527444964,0,72,FALSE
"59157_003",11,0.33421549865918,0.237697374328853,0.430733622989507,1.14638631154598e-11,15.7319772467875,392,TRUE
"59157_004",5,0.15624587604738,-0.0842741916276889,0.396765943722449,0.202938024945547,73.1992512617583,214,FALSE
"59157_005",17,0.267114479259036,0.119374206697667,0.414854751820404,0.000394679991931947,82.6685706957555,556,TRUE
"59157_006",3,0.244405194328017,0.00069624003053162,0.488114148625502,0.0493490759598018,49.428419169503,112,FALSE
"59157_007",13,0.301862595451958,0.124368188703609,0.479357002200308,0.000858263303654458,85.1235507230657,418,TRUE
"59207_001",32,0.106848060524979,0.0535177716170609,0.160178349432898,8.60769835570823e-05,70.6590076522477,5764,TRUE
"59207_002",26,0.0933726243666654,0.0340974392440707,0.15264780948926,0.00201906820305476,53.661207433266,2520,FALSE
"59207_003",6,0.14930727608877,0.0225067618550082,0.276107790322532,0.021007341752621,90.6350720554807,3167,FALSE
"59207_004",32,0.107890787391335,0.054264773443755,0.161516801338914,8.0376790690797e-05,70.3663769482889,5687,TRUE
"59207_006",23,0.080149760056679,0.0188733857028923,0.141426134410466,0.0103580534443935,69.8320921587917,4758,FALSE
"59207_007",9,0.17663823383415,0.0793096169069448,0.273966850761356,0.000375016111376784,59.7567504532555,929,TRUE
"59207_015",10,0.207105182495675,0.0880175320374853,0.326192832953865,0.000653041151386706,93.2894052141477,4132,TRUE
"59207_016",6,0.235547443180559,0.036767179574486,0.434327706786632,0.020206747309247,94.2318271893178,1682,FALSE
"59207_017",4,0.14350423637377,0.104104894189246,0.182903578558294,9.41646569322832e-13,0.0169800333565155,2370,TRUE
"59207_018",9,0.143073833786907,0.0804263010222177,0.205721366551596,7.60021905574016e-06,72.0944584328772,3984,TRUE
"59207_019",1,0.675056185208989,0.544725000433238,0.80538736998474,3.25571099129318e-24,0,68,TRUE
"59207_020",6,0.211791275977705,0.0119255833321583,0.411656968623251,0.0378097661938151,95.5539510474897,2267,FALSE
"59207_021",4,0.187508487971595,0.1048726226616,0.270144353281589,8.69397111343371e-06,63.6215462102147,1785,TRUE
"59211_001",90,0.127930138375029,0.103374651681815,0.152485625068243,1.76853364383341e-24,94.15002679052,127057,TRUE
"59211_004",9,0.122052335888412,0.0932459163081455,0.150858755468678,1.0037934465863e-16,10.353181718059,5466,TRUE
"59211_005",42,0.147519953739861,0.103856988283075,0.191182919196646,3.54500741284504e-11,94.6568655037988,46519,TRUE
"59211_006",43,0.0631648117660792,0.0419813813353079,0.0843482421968505,5.08928780167599e-09,87.2144655322772,93914,TRUE
"59211_007",4,-0.0377896769624569,-0.251598173313466,0.176018819388552,0.729031080243857,88.2692155293513,1025,FALSE
"59211_008",9,0.0822749099690273,0.029321221236387,0.135228598701668,0.00232506829371656,56.9474578898688,3724,FALSE
"59227_001",26,-0.0853726072311902,-0.139420787870692,-0.0313244265916882,0.00196222974990494,82.2802618008155,9070,FALSE
"59227_002",12,-0.0779116070823678,-0.158885093165539,0.00306187900080332,0.0593150125633453,77.4219594949459,2888,FALSE
"59227_003",5,-0.0345652051898815,-0.180489150298305,0.111358739918542,0.6424619373197,88.1827447228985,1848,FALSE
"59227_004",10,-0.0659557764551778,-0.171702649752853,0.0397910968424973,0.221535066444443,79.6770370354346,2001,FALSE
"59227_005",5,-0.0984119384977507,-0.200767809159235,0.00394393216373322,0.0595050105592936,39.9714467759555,610,FALSE
"59227_006",9,-0.0879817610817232,-0.207757016077237,0.0317934939137908,0.149950761148553,82.0927310764255,1811,FALSE
"59227_007",4,-0.149172744043286,-0.218132196024474,-0.0802132920620975,2.23734612759634e-05,68.8433373168239,4181,TRUE
"59233_001",40,0.262898941178608,0.171179493399155,0.354618388958062,1.93270719937512e-08,89.4135287066078,2966,TRUE
"59233_002",3,0.32365726335297,-0.149764420427871,0.797078947133811,0.180264901396062,90.2886493855384,146,FALSE
"59233_003",25,0.199260128089729,0.0677993631092019,0.330720893070256,0.00297032250975326,92.9454331876013,2078,FALSE
"59233_004",12,0.376771750151796,0.314699272814771,0.438844227488821,1.23086387143968e-32,0,742,TRUE
"59233_005",30,0.281822110241804,0.151110607159805,0.412533613323803,2.3808921249665e-05,95.902364558663,1197,TRUE
"59233_006",12,0.522725571902019,0.318430905675226,0.727020238128812,5.30529874680511e-07,98.3114816011164,657,TRUE
"59233_007",18,0.100762964860179,0.00464981688013091,0.196876112840227,0.0398998487180832,28.7531558963136,548,FALSE
"59586_001",10,-0.0635780329588175,-0.135417687430467,0.00826162151283234,0.0828176253725083,41.2323610778598,2476,FALSE
"59586_002",8,-0.0981005082525599,-0.166143961409486,-0.0300570550956342,0.00471707657242033,0,811,FALSE
"59586_003",4,0.0942500563750602,-0.0199154106613244,0.208415523411445,0.105649402675954,54.2923860813091,1935,FALSE
"59588_001",5,-0.0596700541932679,-0.160079750339064,0.0407396419525288,0.244124382699401,41.7679074925856,781,FALSE
"59588_002",7,0.0674403917866676,0.0136018498117778,0.121278933761557,0.0140832778767281,59.7539623751774,3776,FALSE
"59588_003",13,-0.00245086074365262,-0.0427447933544962,0.037843071867191,0.905105856515031,39.4305528523429,4780,FALSE
"59588_004",11,-0.0388451975756538,-0.198928782511177,0.12123838735987,0.634361889310296,95.9784579497588,3339,FALSE
"59588_005",3,-0.0775908376554705,-0.156570019461009,0.00138834415006833,0.0541655181211891,45.2688331606073,1398,FALSE
"59588_006",3,-0.0159914961543716,-0.113902486586561,0.0819194942778173,0.748881311377013,62.5477074239779,1423,FALSE
"59588_007",4,-0.0403766322966952,-0.101452668429414,0.0206994038360233,0.195075898217097,23.7214815590157,1567,FALSE
"59588_008",4,-0.0749499910572878,-0.16716670046463,0.0172667183500539,0.111164898313915,37.7320050123094,1111,FALSE
"59588_009",8,-0.165581588796688,-0.393537710641638,0.0623745330482618,0.15454245572922,97.5217385961612,1894,FALSE
"59588_010",4,-0.0377791995746498,-0.0821372945419151,0.00657889539261548,0.0950628407976457,0.0053362979513363,1946,FALSE
"59588_011",4,-0.0405128626016881,-0.0848596758484271,0.003833950645051,0.0733707332483526,0.00391802525739223,1946,FALSE
"59588_012",6,-0.119876259504777,-0.215525423219211,-0.0242270957903428,0.0140334626647903,42.1309096171719,809,FALSE
"59588_013",7,-0.0315341869981659,-0.162144494717252,0.0990761207209203,0.636064636212057,81.3762667313977,1257,FALSE
"59588_014",3,0.0663118182315241,0.0100254822612937,0.122598154201755,0.0209400070035244,0.121082453855881,1210,FALSE
"59588_015",3,-0.0944222917673965,-0.245405186266533,0.0565606027317398,0.220300227203966,58.9493808302883,483,FALSE
"59588_016",7,0.16755519337946,-0.0101990163055529,0.345309403064472,0.0646736963603084,86.3045940129839,851,FALSE
"59588_017",6,0.29909620499884,0.0452148533210091,0.55297755667667,0.0209423247784333,96.8795338400219,1328,FALSE
"59588_018",4,-0.0101798859140949,-0.136181232440863,0.115821460612673,0.87418165781301,86.7326042243201,2455,FALSE
"59588_019",4,-0.0578126505834063,-0.168574170445618,0.0529488692788052,0.306300682167687,73.1992678482692,1562,FALSE
"59588_020",3,-0.00136413558519385,-0.267075831316869,0.264347560146481,0.991971624238155,97.4192224808552,2438,FALSE
"59595_001",4,0.192401860285427,-0.0476152149828295,0.432418935553684,0.116149853470097,98.5291387139742,4227,FALSE
"59595_007",4,0.454182215280261,0.181827856091266,0.726536574469256,0.00108132418945804,99.3717444376443,4903,FALSE
"59725_001",12,0.275840262021892,0.176232858949887,0.375447665093897,5.70916980120147e-08,68.018775337919,1175,TRUE
"59725_002",8,0.328821361752012,0.211292522956991,0.446350200547032,4.1681897162372e-08,53.6173750289672,493,TRUE
"59725_003",4,0.189300662298738,0.0186780561976591,0.359923268399818,0.0296660123189221,78.7312384124743,682,FALSE
"59740_002",4,0.0468916453154889,-0.0425550504750361,0.136338341106014,0.304187947415262,78.4111768429293,2329,FALSE
"59740_003",4,-0.035456457837876,-0.189540866839014,0.118627951163262,0.651983412485691,95.6282993235926,3556,FALSE
"59754_001",32,0.29289880295076,0.205701319092654,0.380096286808867,4.59271221480816e-11,91.839266730325,10619,TRUE
"59754_002",15,0.260607529048829,0.171935419956151,0.349279638141506,8.39453761026434e-09,81.9800858692079,9318,TRUE
"59754_003",5,0.426037656954258,0.284786518192095,0.567288795716421,3.38826231287715e-09,69.4022128057368,439,TRUE
"59852_001",3,0.315923903177999,0.23175062402662,0.400097182329377,1.89152201287826e-13,0.012501897953634,438,TRUE
"59900_001",21,0.0558864811107858,0.00812924929542083,0.103643712926151,0.0218140833542855,93.9466996082196,31189,FALSE
"59900_002",8,0.0606906625379369,-0.0521300926600534,0.173511417735927,0.291726966233971,96.6234176168045,10777,FALSE
"59900_003",13,0.0933871898963563,0.0301834274932129,0.1565909522995,0.00378001320729499,94.7044653316766,20004,FALSE
"59900_004",3,-0.011859550578729,-0.0877078649571466,0.0639887637996886,0.759256261869667,88.6207723590803,6534,FALSE
"60135_001",4,0.0268645583845094,-0.0621199705371357,0.115849087306154,0.554040800284162,0,486,FALSE
"60141_004",12,0.200223379388041,0.0738157115298108,0.326631047246271,0.0019061108336359,99.2862744252556,31630,FALSE
"60141_011",13,0.216140691520662,0.0286286278363438,0.403652755204981,0.0238707091896641,99.7459817825865,35637,FALSE
"60203_001",4,0.0408349406698217,-0.00192654145483306,0.0835964227944764,0.0612534709932417,23.0263433045248,2759,FALSE
"60309_001",36,0.09900593181459,0.0726779092510584,0.125333954378122,1.70116681048258e-13,0,5447,TRUE
"60309_002",12,0.12064044159682,0.06198881255267,0.179292070640969,5.54345519713063e-05,0,1095,TRUE
"60309_003",24,0.0935464831737765,0.0640832134185757,0.123009752928977,4.87968574106242e-10,0,4352,TRUE
"60309_004",15,0.113282525257922,0.0700758238706908,0.156489226645153,2.76530074171094e-07,0,2011,TRUE
"60309_005",18,0.0877963365902135,0.0536723086184695,0.121920364561957,4.58978928220851e-07,0,3255,TRUE
"60339_001",165,0.275429348088171,0.220322220731026,0.330536475445315,1.17086663449152e-22,97.1482148131515,18963,TRUE
"60339_002",4,0.536657848921741,0.361351224450475,0.711964473393008,1.97384714902128e-09,81.6616905697984,318,TRUE
"60339_003",60,0.199310439879469,0.126355617196998,0.272265262561941,8.57628529260503e-08,84.2106199569739,3648,TRUE
"60339_004",55,0.324872652920653,0.233389011461995,0.416356294379311,3.39941426596534e-12,97.2400189927468,5377,TRUE
"60339_005",46,0.285015313979709,0.154809040994143,0.415221586965274,1.78457974262057e-05,98.9605597327561,9620,TRUE
"60347_001",14,-0.254439529268942,-0.305990654234308,-0.202888404303576,3.89854366534266e-22,92.619597461251,22804,TRUE
"60366_001",9,0.149226592328873,0.0134353098121859,0.285017874845561,0.0312492262620784,70.2023387633282,1101,FALSE
"60366_002",9,0.0887487505730944,-0.0138568845809886,0.191354385727177,0.0900240288908145,43.6145132646218,1113,FALSE
"60496_001",224,0.226776912471519,0.211082331303733,0.242471493639305,1.94618404147546e-176,98.5335202480905,1207757,TRUE
"60496_002",33,0.150359888569929,0.114656690838716,0.186063086301141,1.52972164081764e-16,94.1807644324129,52475,TRUE
"60496_003",118,0.245024706737029,0.222570737767668,0.267478675706391,1.73784743872795e-101,98.5241778076806,527696,TRUE
"60496_004",33,0.184036508509112,0.15234609776649,0.215726919251735,5.13202092381962e-30,93.1142660898733,61940,TRUE
"60496_005",24,0.201194034708945,0.159388223535577,0.242999845882313,4.00452060447105e-21,94.3681216029748,42235,TRUE
"60496_006",28,0.245846955950247,0.20356249005371,0.288131421846785,4.40468672580674e-30,97.374125182126,105958,TRUE
"60496_007",13,0.147530141487824,0.0872071447725689,0.207853138203079,1.63957725242736e-06,93.9871107400528,17540,TRUE
"60496_008",11,0.170468409341823,0.129852666226875,0.211084152456772,1.9329719645768e-16,81.7854320000427,13878,TRUE
"60496_009",5,0.106153283147499,-0.0138196869732726,0.226126253268272,0.0828833613670981,96.6832000066633,13398,FALSE
"60496_010",3,0.124033559499445,0.0776257591485006,0.170441359850389,1.61999508348965e-07,67.2229646703475,5281,TRUE
"60704_001",2,0.103520817369198,-0.0434478895942638,0.25048952433266,0.167418569057147,79.109001505294,835,FALSE
"60704_002",3,0.40645825934898,0.196051964377727,0.616864554320234,0.000152959111729649,96.2910588815302,1802,TRUE
"61094_001",27,0.0357455277285601,0.0099026517986862,0.0615884036584341,0.00670813283773175,0,5736,FALSE
"61303_002",5,0.30415233621456,0.255076020777569,0.35322865165155,5.95446640521589e-34,79.7797994851096,6807,TRUE
"61423_002",6,-0.183019842581895,-0.255902838808689,-0.1101368463551,8.57712552955768e-07,91.0904519594187,7855,TRUE
"61434_001",7,0.255308721764747,0.127424243665158,0.383193199864336,9.12039802708714e-05,79.1725222562922,1192,TRUE
"61434_002",3,0.198736377094265,-0.129737400553287,0.527210154741816,0.235686938186996,83.1034662700644,201,FALSE
"61445_001",17,-0.101077244365172,-0.167657762569134,-0.0344967261612091,0.00292548211798374,95.8159885902856,23577,FALSE
"61447_001",6,0.430000880412521,0.214592936676655,0.645408824148387,9.13408675182457e-05,85.8832527649039,317,TRUE
"61447_002",4,0.319004779284896,0.121125700932369,0.516883857637422,0.00157933432743068,87.0119939031943,767,FALSE
"61448_001",2,0.157222674929463,0.0307402412768496,0.283705108582077,0.0148378446699524,74.7182179534257,1158,FALSE
"61448_002",3,-0.21466494522001,-0.257654299338323,-0.171675591101696,1.28075212694319e-22,0.00246038032130652,1891,TRUE
"61450_001",9,-0.114071281000041,-0.261011882689593,0.0328693206895108,0.128125065056104,76.1899082101385,760,FALSE
"61452_003",11,0.104480455510379,0.000965334192366579,0.207995576828392,0.0479014461918927,37.8638193331733,796,FALSE
"61452_004",10,0.163943844729183,0.017175356579342,0.310712332879023,0.0285731716913372,84.8365439034996,1183,FALSE
"61455_001",42,-0.0302873115908668,-0.0559617568303975,-0.00461286635133611,0.0207718404058518,89.1327599244401,59340,FALSE
"61458_001",56,0.105529287571836,0.0575833944567876,0.153475180686885,1.60402328203398e-05,65.503587251143,5189,TRUE
"61458_002",29,0.188737917489201,0.0855084904464183,0.291967344531983,0.000339060151241253,76.2985531929953,1230,TRUE
"61462_001",11,0.131483120399972,0.0530574309087643,0.209908809891181,0.00101642334131059,95.5154780251364,16084,FALSE
"61463_001",8,-0.121106394674598,-0.173059714313685,-0.069153075035511,4.90531553977173e-06,79.3951311449572,7634,TRUE
"61463_002",3,-0.147543700313822,-0.192803270647077,-0.102284129980566,1.66565814398836e-10,0,1797,TRUE
"61463_003",5,-0.106431055277993,-0.184454398674004,-0.0284077118819823,0.00750481386130817,87.5567801943827,5837,FALSE
"61463_004",3,0.0841733520461306,0.000198092555641058,0.16814861153662,0.0494620090465566,70.0891357916069,1836,FALSE
"61479_001",5,-0.0650295704837487,-0.152917378403821,0.0228582374363234,0.147000480664268,76.3082003810962,3003,FALSE
"61479_002",3,0.0659827899135449,-0.0131525289785512,0.145118108805641,0.102214332916787,34.5455105656791,948,FALSE
"61480_001",3,0.20934486179124,0.149499450416948,0.269190273165532,7.07471176850867e-12,74.5290903372448,5042,TRUE
"61480_002",3,0.129883678920509,0.0861365545284578,0.173630803312559,5.91779426974022e-09,50.8816701930735,5042,TRUE
"61485_001",39,0.0567540453307118,-0.00221410557356434,0.115722196234988,0.0592448063068473,83.6054481963234,6557,FALSE
"61489_001",16,0.15115482481846,0.0544518114740322,0.247857838162889,0.00218701221845976,66.5823669895494,1287,FALSE
"61489_002",13,0.0660763937286298,-0.0718762356918098,0.204029023149069,0.347843030127449,60.7429540961442,471,FALSE
"61491_001",7,-1.35568955729332e-05,-0.0834723339222569,0.083445220131111,0.999745975047118,89.7596255646547,6617,FALSE
"61491_002",12,0.0806743963668428,0.0082782144015955,0.15307057833209,0.0289565138943865,85.036021635537,5522,FALSE
"61492_001",8,0.108835596727181,0.0180940387131132,0.199577154741249,0.0187338791739353,87.5538134174981,5273,FALSE
"61492_002",4,0.158552062803921,0.0900285599106678,0.227075565697174,5.75945358764721e-06,50.0396451019903,1931,TRUE
