id,desc,manuscript,computed,verdict,note
T1-Control,Table1 cell count recovery (Control),19.35% of n=62,count=12 (p=19.35%),OK,
T1-Wife,Table1 cell count recovery (Wife),13.33% of n=45,count=6 (p=13.33%),OK,
T1-Fon,Table1 cell count recovery (Fon),41.18% of n=51,count=21 (p=41.18%),OK,
T1-Control,Table1 cell count recovery (Control),71.43% of n=56,count=40 (p=71.43%),OK,
T1-Wife,Table1 cell count recovery (Wife),57.58% of n=66,count=38 (p=57.58%),OK,
T1-Fon,Table1 cell count recovery (Fon),55.22% of n=67,count=37 (p=55.22%),OK,
T1-D-co-WC,Table1 reconstructed diff Wife-Control (coethnics),-6.02 pp,-6.02 pp,OK,
T1-D-co-FC,Table1 reconstructed diff Fon-Control (coethnics),21.82 pp,21.82 pp,OK,
T1-D-co-FW,Table1 reconstructed diff Fon-Wife (coethnics),27.84 pp,27.84 pp,OK,
T1-D-non-WC,Table1 reconstructed diff Wife-Control (non-coethnics),-13.85 pp,-13.85 pp,OK,
T1-D-non-FC,Table1 reconstructed diff Fon-Control (non-coethnics),-16.20 pp,-16.20 pp,OK,
T1-D-non-FW,Table1 reconstructed diff Fon-Wife (non-coethnics),-2.35 pp,-2.35 pp,OK,
T1-P-co-WC,approx two-proport z p (co W-C),.41,0.411 (pooled z),OK,rough; exact test dependent
T1-P-co-FC,approx two-proport z p (co F-C),.01,0.011 (pooled z),OK,rough; exact test dependent
T1-P-co-FW,approx two-proport z p (co F-W),.00,0.002 (pooled z),OK,rough; exact test dependent
T1-P-non-WC,approx two-proport z p (non W-C),.11,0.112 (pooled z),OK,rough; exact test dependent
T1-P-non-FC,approx two-proport z p (non F-C),.06,0.064 (pooled z),OK,rough; exact test dependent
T1-P-non-FW,approx two-proport z p (non F-W),.79,0.784 (pooled z),OK,rough; exact test dependent
T1-BASE,"Baseline support gap (control, non-coethnics vs coethnics)",71% vs 19%; >50pp; significant >99%,52.08pp,OK,consistent with 'more-than-50-point' text claim
T2-N-co,Table1 coethnics n sum -> Table2 obs,158,158,OK,
T2-N-non,Table1 non-coethnics n sum -> Table2 obs,189,189,OK,
T3-C-popxcrate,Table3 country-unit popxcrate,0.128/0.240 co/cross,24% vs 13% in prose,OK,
T3-C-ELF,Table3 country-unit ELF,0.791 / 0.741,similar ELF,OK,
T3-C-PREG,Table3 country-unit PREG,0.433 / 0.405,similar PREG,OK,
T3-C-pop,Table3 country-unit pop,"19,052 / 32,659",cross more populous,OK,
T3-C-polity,Table3 country-unit polity,3.5 / 5.4,cross slightly more democratic,OK,
T3-C-obs,Table3 country-unit obs,6 / 8,== 14 countries; '8/14' claim,OK,
T3-C-obsa,14 countries = 8 cross + 6 coethnic,14,6+8=14,OK,
T3-R-obs,Table3 country-round obs (incl missing) = 25; prose '12 of 25',13+12=25; 12 cross,12/25=48% ~ half,OK,
T3-R-obs2,Table3 country-round obs (excl missing),11+9=20,20,OK,
T3-R-lgs,Leader group size 0.317 -> 0.509 (~50% vs 32% prose),0.509 / 0.317,prose ~50% vs 32%,OK,
T3-R-sgs,Spouse group size 0.317 -> 0.582; prose 'marry into larger groups by 8pp',0.582 vs 0.509? or 0.317?,0.073=7.3pp (cross); 0.265=26.5pp (vs co),APPROX,"'by 8 percentage points' matches within cross-ethnic column (0.509->0.582 = 7.3pp), not the naive 0.317->0.582 comparison"
INC1,8 of 14 Afrobarometer countries had >=1 cross-ethnic marriage,8/14,8/14,OK,
INC2,12 of 25 leadership tenures cross-ethnic,12/25,12/25,OK,
T4-Vote-0,Table4 Vote no SES coeff(SE),0.03*,"b=0.03, se=0.01",STATIC,headline regression; raw data unavailable -> cannot recompute (not-independently-checkable)
T4-Vote-1,Table4 Vote SES coeff(SE),0.04**,"b=0.04, se=0.01",STATIC,headline regression; raw data unavailable -> cannot recompute (not-independently-checkable)
T4-Job-0,Table4 Job no SES coeff(SE),-0.13**,"b=-0.13, se=0.02",STATIC,headline regression; raw data unavailable -> cannot recompute (not-independently-checkable)
T4-Job-1,Table4 Job SES coeff(SE),-0.05,"b=-0.05, se=0.03",STATIC,headline regression; raw data unavailable -> cannot recompute (not-independently-checkable)
T4-EPP-0,Table4 EPP no SES coeff(SE),0.01,"b=0.01, se=0.03",STATIC,headline regression; raw data unavailable -> cannot recompute (not-independently-checkable)
T4-EPP-1,Table4 EPP SES coeff(SE),0.02,"b=0.02, se=0.03",STATIC,headline regression; raw data unavailable -> cannot recompute (not-independently-checkable)
T4-EU-0,Table4 EU no SES coeff(SE),-0.00,"b=-0.0, se=0.03",STATIC,headline regression; raw data unavailable -> cannot recompute (not-independently-checkable)
T4-EU-1,Table4 EU SES coeff(SE),-0.03,"b=-0.03, se=0.03",STATIC,headline regression; raw data unavailable -> cannot recompute (not-independently-checkable)
T4TXT,Prose: spouse coethnics 4.3pp more likely (most restrictive model),4.3pp,Table4 Vote+SES coeff=0.04 (rounded); 0.043 would give 4.3pp,APPROX,0.04** rounded from ~0.043 plausible; not verifiable without data
TXT53,Full sample support: non-coethnics 53% / spouse-coethnics 60% / leader-coethnics 65%,53/60/65,from Afrobarometer; no data,NOTCHECK,
PR1,Fon raise >20pp after Fon-wife cue,'>20pp',reconstructed diff F-C = 21.82pp,OK,
PR2,Manipulation: 100% coethnics / 98% non-coethnics identify spouse ethnicity,100% / 98%,no underlying counts given,NOTCHECK,
PR3,~1/3 say Yayi favors Southerners; 9% of those Fon; 9.8% vs 13.7%; p=.513,p=.513,denominators not given; cannot recompute,NOTCHECK,
PR4,Afrobarometer: only 29% of Fon support Yayi,29%,AB data not obtained,NOTCHECK,
DR1,Cosmopolitan ruled out: cue effect positive ONLY for Fon; non-coethnics see decrease,"positive Fon, negative non-coethnics",Table1: coeth F-C=+21.82; non-coeth F-C=-16.20,OK,
DR2,Wife cue negative but NS across the board; 'Fon-Wife > Wife' for coethnics,Wife-Control negative; Fon-Wife largest,coeth W-C=-6.02(NS); F-W=+27.84,OK,
