subject;group;panas_1;panas_2;panas_3;panas_4;panas_5;panas_6;panas_7;panas_8;panas_9;panas_10;panas_11;panas_12;panas_13;panas_14;panas_15;panas_16;panas_17;panas_18;panas_19;panas_20;expl_1;expl_2;expl_3;expl_4;expl_5;expl_6;expl_7;expl_8;expl_9;expl_10;expl_11;expl_12;expl_13;expl_14;expl_15;expl_16;wsc_1;wsc_2;wsc_3;wsc_4;wsc_5;wsc_6;wsc_7;wsc_8;wsc_9;wsc_10;wsc_11;wsc_12;wsc_13;wsc_14;wsc_15;wsc_16;wsc_17;wsc_18;wsc_19;wsc_20;wsc_21;wsc_22;wsc_23;wsc_24;wsc_25;wsc_26;wsc_27;wsc_28;wsc_29;wsc_30;mc_a;mc_b;mc_c;mc_d;mc_e;mc_f;sex;bildung;migration;religion;uv_jew;uv_hol;mc_a_correct;mc_b_correct;mc_d_correct;mc_e_correct;mc_c_correct;mc_f_correct;mc_krit;expl_9r;expl_10r;expl_12r;expl_14r;expl_15r;self_interest;expl_like;panas_pa;panas_na;wsc_1_hol;wsc_2_hol;wsc_3_hol;wsc_4_hol;wsc_5_hol;wsc_6_hol;wsc_7_hol;wsc_8_hol;wsc_9_hol;wsc_10_hol;wsc_hol_sum;age_groups
1;1;3;4;2;2;3;1;3;2;4;3;1;1;1;1;1;2;1;1;1;1;4;4;3;2;5;2;4;4;4;5;3;3;4;4;3;5;Deposition;Endlichkeit;Ermittler;Gaskammer;Genossenschaft;Holz;Konzenrtration;Krempel;Vergasung;Verneinung;Aktenzeichen;Alter;Bewegung;Einwandt;Empfindung;Erfahrung;Fortbildung;Funkgebühr;Gymnasium;Hintern;Kilogramm;Keisel;Liebe;Monopoly;Nagel;Person;Regenbogen;Rücksicht;Stein;Zusammenhang;4;3;2;4;2;2;1;3;0;2;1;1;1;1;1;1;1;1;1;4;3;5;4;5;3,33333333333333;4,1;2,7;1,1;0;0;0;1;0;0;0;0;1;0;2;3
2;2;3;3;4;4;4;4;3;3;5;5;1;1;1;1;1;1;1;1;1;1;1;1;1;1;1;1;6;6;1;1;7;1;7;1;1;7;Depolarisierend;Endlos;Ernmäßigung;Gaskammer;Genommen;Holen;Konzentration;Krempel;Vergangenheit;Vernunft;Aktenkoffer;Altentransporter;Bewegung;Einwilligung;Empfindung;Erfahrung;Fortsetzung;Funktion;Gymnasium;Hinter;Kilometer;Kreisel;Liebe;Monogenität;Nagellack;Person;Regenschirm;Rücksicht;Stein;Zusage;4;3;1;4;2;2;1;3;0;1;0;1;1;1;1;1;1;1;1;7;7;7;7;7;1;6,8;3,8;1;0;0;0;1;0;0;0;0;0;0;1;1
3;3;3;5;4;4;1;5;3;5;5;5;1;1;1;1;1;1;1;1;1;1;2;2;2;1;1;1;7;7;2;2;7;1;6;1;1;6;Deporation;Endlaufen;Ermutigung;Gaskammer;Genotyp;Holzbank;Konzentration;Krempel;Vergangenheit;Vernunft;Aktenzeichen;Altenheim;Bewegung;Einweihung;Empfindung;Erfahrungen;Fortschritt;Funktion;Gymnasium;Hintern;Kilogramm;Kreise;Liebe;Monotonie;Nagellack;Person;Regen;Rücken;Steine;Zusammenarbeit;4;3;2;4;2;3;2;3;0;0;1;0;1;1;1;1;1;1;1;6;6;7;7;7;1,5;6,6;4;1;0;0;0;1;0;0;0;0;0;0;1;3
5;1;3;3;2;3;3;2;3;4;4;3;2;1;2;1;1;2;2;2;2;2;3;2;4;3;2;3;4;4;4;4;5;4;5;3;2;4;Deposition;Endlosigkeit;Ermittlungen;Gaskammer;Genotyp;Holen;Konzert;Krematorium;Vergangenheit;Vernichtung;Aktenkoffer;Altersheim;Bewegung;Einweihung;Empfindung;Erfahrung;Fortbewegung;Funkgerät;Gymnasium;Hinterteil;Kilogramm;Kreissäge;Liebe;Monolingualität;Nagetier;Persönlichkeit;nschirm;Rücken;Stein;Zusage;4;3;2;4;2;2;1;3;0;2;1;1;1;1;1;1;1;1;1;4;4;4;5;6;2,83333333333333;4,5;3;1,7;0;0;0;1;0;0;0;1;0;1;3;2
6;2;3;3;1;1;1;1;1;3;3;3;4;2;1;1;1;2;1;3;2;1;2;2;1;4;2;2;3;3;2;2;3;2;4;2;1;4;Depot;Endlichkeit;Ermäßigung;Gaskammer;Genom;Hologramm;Konzentration;Krempel;Vergangenheit;Vernunft;Aktenverzeichnis;Alter;Bewegung;Einweg;Empfindung;Erfahrung;Fortbildung;Funkhaus;Gymnasium;Hintern;Kilogramm;Kreis;Liebe;Monogamie;Nagel;Person;Regenwurm;Rücken;Steigung;Zusammenhang;4;3;1;4;2;2;1;4;0;1;0;1;1;1;1;1;1;1;1;6;6;6;6;7;2,16666666666667;4,8;2;1,8;0;0;0;1;0;0;0;0;0;0;1;3
7;3;3;4;2;2;5;1;4;4;4;5;2;1;1;1;1;1;1;2;2;1;1;1;3;1;1;1;3;3;1;1;3;1;3;1;1;4;Depot;Endlos;Ermächtigung;Gaskammer;Genommen;Holz;Konzentration;0;Vergangenheit;Vernachlässigung;Akten;Altersheim;Bewegung;Einwanderung;Empfang;Erfahrung;Fortsetzung;Funktion;Gymnasium;Hinterhof;Kilowatt;Kreis;Liebe;Monoton;Nagel;Person;Regen;Rückmeldung;Stein;Zusammen;4;3;2;4;4;3;1;3;1;1;1;0;1;1;1;0;1;1;1;7;7;7;7;7;1,33333333333333;5,1;3,4;1,3;0;0;0;1;0;0;0;0;0;0;1;1
8;4;3;4;3;2;3;2;3;4;3;4;1;1;1;1;1;1;1;2;2;1;4;5;3;5;3;3;4;5;4;5;4;3;4;3;2;4;Deportation;Endlich;Ermittlungen;Gaskolben;0;Holen;Konzert;Krempel;Vergangenheit;Verneinung;Aktenzeichen;Altenheim;Bewegung;Einwanderer;Empfehlung;Erfahrung;Fortschritt;Funke;Gymnasium;Hintern;Kilogramm;Kreis;Liebe;Monopol;Nagelpfeile;Person;Regenschirm;Rücksichtslos;Stein;Zusammen;2;3;1;4;2;3;1;3;0;1;0;0;0;1;1;1;1;1;1;4;3;5;5;6;3,83333333333333;4,4;3,1;1,2;1;0;0;0;0;0;0;0;0;0;1;1
9;1;4;3;4;3;3;4;4;3;4;3;1;1;1;1;1;1;1;1;1;1;4;5;3;2;2;2;2;2;2;2;5;3;3;4;2;5;Deponens;Endlarvung;Ermittlung;Gaskammer;Genogramm;Holweide;Konzert;Kremel;Vergangenheit;Verneinung;Aktenordner;Altenheim;Bewegung;Einwand;Empfängnis;Erfahrung;Fortpflanzung;Funkstille;Gymnastik;Hintertürchen;Kilogramm;Kreis;Liebe;Monogamie;Nagetier;Person;Regen;Rückenmark;Steigbügel;Zusage;4;3;2;4;4;2;1;3;0;2;1;1;1;1;1;0;1;1;1;6;6;5;4;6;3;4,4;3,5;1;0;0;0;1;0;0;0;0;0;0;1;3
11;3;2;3;1;4;1;3;2;3;4;4;1;1;1;1;2;1;1;1;1;2;4;4;4;5;3;2;2;2;2;1;3;3;3;4;3;3;Depot;Endlichkeit;Ermittlung;Gaskammer;Genom;Hol;Konzentration;Krempel;Vergangenheit;Vernunft;Aktei;Alter;Bewegung;Einwanderer;Empfinden;Erfahrung;Fortsetzung;Funkradio;Gymnasium;hintergrund;Kilometer;Kreide;Liebschaft;Mongamie;Nagel;Person;Regen;Rückmeldung;Steine;Zusammenhang;4;3;2;4;2;3;1;3;0;1;1;0;1;1;1;1;1;1;1;6;7;5;4;5;3,66666666666667;4;2,7;1,2;0;0;0;1;0;0;0;0;0;0;1;1
12;4;2;3;1;3;2;1;1;4;4;4;1;1;1;1;1;1;1;1;1;1;2;2;3;1;2;1;6;6;1;5;4;1;6;2;1;6;rtation;osigkeit;utigung;ombination;m;land;entration;atorium;ngenheit;unft;ntasche;rsvorsorge;gung;anderer;ang;hrung;pflanzung;turm;asium;erhalt;meter;se;esbrief;log;tier;on;nbogen;en;gbügel;tz;4;3;1;4;2;3;1;3;0;9;0;0;1;1;1;1;1;1;1;7;3;7;6;7;1,83333333333333;5,8;2,5;1;1;0;0;0;0;0;0;1;0;0;2;3
13;1;3;4;3;1;3;2;4;4;2;3;4;1;1;1;1;2;1;1;2;1;4;3;4;2;2;3;4;6;4;3;6;4;7;4;2;6;sition;ich;ahnung;ammer;typ;lunder;entration;atisch;ngenheit;unft;n;r;gung;anderung;ang;hrung;setzung;loch;asium;er;gramm;de;e;log;l;on;n;en;n;ge;4;1;2;4;2;2;1;9;1;3;1;1;1;0;1;1;1;1;1;4;5;4;4;6;3;5,2;2,9;1,5;0;0;0;1;0;0;0;0;0;0;1;2
14;2;3;2;1;1;1;1;2;4;3;3;1;1;1;1;1;1;1;1;1;1;5;5;2;2;2;2;4;3;6;4;2;3;4;4;3;5;Deponie;Endlösung;Ermahnung;Gaskatusche;Genomanalyse;Holunder;Konzentration;Krempel;Vergangenheit;Vernachlässigung;Aktenzeichen;Altersheim;Bewegung;Einweihung;Empfinden;Erfahrung;Fortbewegung;Funktion;Gymnastik;Hintern;Kilogramm;Kreide;Liebe;Monogram;Nagetier;Person;Regenbogen;Rückenschmerzen;Steigerung;Zusammenarbeit;4;3;1;4;2;2;1;3;0;2;0;1;1;1;1;1;1;1;1;2;4;5;4;5;3;3,8;2,1;1;0;0;0;0;0;0;0;0;0;0;0;2
15;3;3;4;2;3;2;3;4;5;5;5;1;2;1;1;1;1;1;2;2;1;3;4;3;4;4;5;5;5;6;4;4;5;4;4;4;5;Deposit;Endlich;Ermessen;Gaskatusche;Genozid;Holen;Konzentration;Krematorium;Vergangenheit;Verneinung;Aktenkoffer;Altenpflege;Bewegung;Einwahl;Empfängnis;Erfahrung;Fortfahren;Funkturm;Gymnasium;Hinter;Kilometer;Kreisel;Liebe;Monolog;Nager;Person;Regenschirm;Rückwärtsgang;Stein;Zusammen;4;3;2;4;2;3;1;3;0;1;1;0;1;1;1;1;1;1;1;2;4;3;4;4;3,83333333333333;4;3,6;1,3;0;0;0;0;1;0;0;1;0;0;2;2
16;4;3;2;2;3;2;2;2;3;2;2;1;1;1;1;1;1;1;1;1;1;3;3;3;3;3;4;4;4;2;2;5;2;5;2;2;4;Depot;Endlichkeit;Ermächtigung;Gaskeller;Genozid;Holunder;Konzert;Krempel;Vergangenheit;Vernichtung;Akteur;Altenheim;Bewegung;Einwanderung;Empfang;Erfahrung;Fortbildung;Funktion;Gymnastik;Hintern;Kilogramm;Kreisel;Liebe;Monopoly;Nagetier;Person;Regen;Rücken;Steinzeit;Zusammenarbeit;4;3;1;4;2;3;1;3;0;1;0;0;1;1;1;1;1;1;1;6;6;6;6;6;3,16666666666667;5,2;2,3;1;0;0;0;0;1;0;0;0;0;1;2;2
17;1;4;4;4;4;3;3;3;4;4;4;1;1;1;1;1;1;1;1;1;1;1;1;1;1;1;1;6;7;1;1;5;2;5;5;2;6;Depot;Endlosigkeit;Ermöglichen;Gaskanal;Genozid;Holz;Konzlager;Kreml;Vergangenheit;Vernunft;Aktenzeichen;Alternative;Bewegung;Einwand;Empfindung;Erfahrung;Fortbewegung;Funktion;Gymnasium;Hintergrund;Kilogramm;Kreislauf;Liebe;Monolog;Nagellack;Personifizierung;Regenbogen;Rückkehr;Stein;Zusage;4;3;2;4;2;2;1;4;1;2;1;1;1;1;1;1;1;1;1;7;7;6;3;6;1;5,8;3,7;1;0;0;0;0;1;0;0;0;0;0;1;3
18;2;3;4;2;3;3;1;1;4;4;4;1;1;1;1;1;1;1;1;1;1;3;2;3;1;2;1;4;3;2;1;5;1;6;1;1;6;Deposition;Endlosigkeit;Ermäßigung;Gaskammer;Genozid;Holunder;Konzern;Krematorium;Vergangenheit;Vernichtung;Aktenvermerk;Alterungsprozess;Bewegung;Einwohner;Empfindung;Erfahrung;Fortbestand;Funkspruch;Gmynastik;Hinterhalt;Kilometer;Kreide;Liebhaber;Monogamie;Nagelpilz;Personalgespräch;Regelwerk;Rückführung;Steigung;Zusammenarbeit;4;3;1;4;2;2;2;3;0;1;0;1;1;1;1;1;1;1;1;6;7;7;7;7;2;5,8;2,9;1;0;0;0;1;1;0;0;1;0;1;4;3
19;3;2;3;1;2;1;1;1;3;1;4;2;1;1;1;1;1;1;1;1;1;4;3;2;2;2;2;4;4;2;1;4;1;5;2;1;4;Depot;Endlos;Ermessen;Gaskammer;Genozid;under;entration;el;ngenheit;unft;Akten;r;Bewegung;ohner;ang;Erfahrung;Fortbildung;turm;Gymnasium;Hinterhof;Kilogramm;Kreide;Lieben;Monolog;l;on;Regen;Rücken;Steigbügel;Zusatz;4;3;2;4;2;3;1;3;0;1;1;0;1;1;1;1;1;1;1;6;7;7;6;7;2,5;5,4;1,9;1,1;0;0;0;1;1;0;0;0;0;0;2;3
21;1;2;2;3;2;3;3;2;1;2;3;1;1;1;1;1;1;1;1;2;1;2;2;5;4;4;2;5;5;4;3;5;3;5;3;3;3;Deposit;Endlich;Ermäßigung;Gaskammer;Genogram;Holland;Konzentgration;Krempel;Vergangenheit;Vernunft;Akte;Alter;Bewegung;Einwanderer;Empfänger;Erfahrung;Fortpflanzung;Funk;Gymnastik;Hintern;Kilogramm;Kreide;Liebling;Monolog;Nagellack;Person;Regeln;Rückblick;Stein;Zusammen;4;3;2;4;2;2;1;4;0;2;1;1;1;1;1;1;1;1;1;4;5;5;5;5;3,16666666666667;4,7;2,3;1,1;0;0;0;1;0;0;0;0;0;0;1;3
22;2;3;4;3;2;3;1;1;4;3;3;2;1;1;1;1;1;1;2;1;1;5;4;4;4;2;2;6;6;4;2;5;2;5;2;2;4;Depot;Endlichkeit;Ermässigung;Gaskammer;Genom;Holokost;Konzentrat;Kreml;Vergangenheit;Vernuchtung;Akteführung;Alternative;Bewegung;Einwilligung;Empfinden;Erfahrung;Fortrag;Funktion;Gymnasium;Hinten;Kilogramm;Kreide;Liebe;Monolog;Nagel;Person;Regeln;Rückblick;Steigtreppe;Zusage;4;3;1;4;2;2;1;4;1;2;0;1;1;1;1;1;1;1;1;4;6;6;6;6;3,5;5,4;2,7;1,2;0;0;0;1;0;0;0;0;0;0;1;3
23;3;2;2;2;3;2;1;1;4;2;4;1;1;1;1;1;1;1;1;1;1;4;4;2;1;4;4;2;2;4;6;4;4;4;4;4;4;Depot;Endlösung;Ermutigung;Gaskatusche;Genosse;Hollunder;Konzert;Kreml;Vergangenheit;Verneinung;Aktenzeichen;Alternative;Bewegung;Einwegflasche;Empfinden;Erfahrung;Fortpflanzung;Funkmast;Gymnasium;Hinterleib;Kilometer;Kreisel;Lieblingsessen;Monogamie;Nagetier;Person;Regenschirm;Rückgabe;Steinewerfer*In;Zusage;4;3;2;4;2;3; ;3; ; ;1;0;1;1;1;1;1;1;1;4;2;4;4;4;3,16666666666667;3,4;2,3;1;0;0;0;0;0;0;0;0;0;0;0;3
25;1;3;3;1;1;1;1;1;1;2;3;2;1;2;2;1;2;1;2;2;2;2;3;5;4;2;1;4;4;5;3;3;4;6;6;1;5;Depot;Endlichkeit;Ermäßigung;Gaskammer;Genorientierung;Hollstein;Konzentration;Krematorium;Vergangenheit;Vernunft;Aktenkoffer;Altenheim;Bewegung;ohner;Empfinden;Erfahrung;Fortbildung;Funkgerät;Gymnasium;Hinterhof;meter;Kreide;Liebling;Monolog;Nagelschere;Person;Regenschirm;Rücken;Steigerung;Zusammenhang;4;3;2;4;2;2;1;3;0;2;1;1;1;1;1;1;1;1;1;3;5;4;2;7;2,83333333333333;4,3;1,7;1,7;0;0;0;1;0;0;0;1;0;0;2;2
27;3;3;3;1;1;3;1;2;1;2;4;1;1;1;1;1;1;1;1;1;1;2;2;2;1;1;1;4;3;1;1;5;2;4;1;1;4;t;ichkeit;äßigung;ammer;gramm;z;entration;pel;ngenheit;einen;X;r;gung;anderer;ehlung;hrung;bildung;gerät;asium;ertür;gramm;de;e;tonie;tier;on;nwurm;gabe;n;sammenarbeit;4;3;2;4;2;3;1;3;0;1;1;0;1;1;1;1;1;1;1;7;7;6;7;7;1,5;5,4;2,1;1;0;0;0;1;0;0;0;0;0;0;1;1
28;4;3;4;4;3;3;3;4;4;4;4;1;1;1;2;1;1;1;2;1;1;6;3;4;3;2;2;4;5;3;2;6;3;4;2;1;5;Depot;Endlichkeit;Ermäßigung;Gaskammer;Genom;Holz;Konzern;Krempel;Vergangenheit;Verneinung;Aktenzeichen;Alter;Bewegung;Einwanderer;Empfängnis;Erfahrung;Fortschritt;Funkloch;Gymnasium;Hintertür;Kilogramm;Kreide;Liebhaber;Monolog;Nagel;Person;Regen;Rückgabe;Stein;Zusammenhang;4;3;1;4;2;3;1;3;0;2;0;0;1;1;1;1;1;1;1;5;6;5;6;7;3,33333333333333;5,3;3,6;1,2;0;0;0;1;0;0;0;0;0;0;1;2
29;1;4;3;3;4;3;4;2;5;4;4;3;2;1;1;2;2;1;1;2;2;4;5;6;3;2;2;3;4;4;4;5;3;5;3;2;5;Depotion;Endlich;Ermäßigung;Gaskolben;Genormt;Holbaum;Konzentration;Krempel;Vergangenheit;Vernunft;Aktenzeichen;Alternativ;Bewegung;Einwanderer;Empfängnis;Erfahrung;Fortführen;Funksprecher;Gymnasium;Hintertür;Kilogramm;Kreisel;Liebwürdig;Momotonie;Nagetier;Personen;Regenschirm;Rücksicht;Steigung;Zusammenfassung;4;3;2;4;2;2;1;3;0;1;1;1;1;1;1;1;1;1;1;4;4;5;5;6;3,66666666666667;4,6;3,6;1,7;0;0;0;0;0;0;0;0;0;0;0;2
30;2;3;4;1;2;3;1;3;4;4;4;1;1;1;1;1;1;1;2;2;1;3;3;4;1;1;2;6;6;4;2;6;2;4;2;2;5;Deportieren;Endlichkeit;Ermahnen;0;Genotyp;Holokaust;Konzentriert;Kremmel;Vergangenheit;Vernarbung;Aktentuieren;Altenpflege;Beweglich;Einwandt;Empfindungen;Erfahrung;Fortschreiten;Funktionen;Gymnastik;Hinterkopf;Kilometer;Kreisend;Liebling;Monoton;Nagelstudio;Peronen;Regenschirm;Rücksichtsvoll;Steinigen;Zusammenhang;4;3;1;4;2;2;1;3;0;1;0;1;1;1;1;1;1;1;1;4;6;6;6;6;2,33333333333333;5,5;2,9;1,2;1;0;0;0;0;1;0;0;0;0;2;3
31;3;3;4;3;4;3;4;3;3;4;4;1;1;1;1;1;1;1;2;2;1;2;2;2;3;2;3;6;6;2;2;5;2;5;2;2;6;Deposit;Endlösung;Ermüdung;Gaskammer;Genogramm;Holocaust;Konzert;Krempel;Vergangenheit;Vernunft;Aktenzeichen;Altertum;Bewegung;Einwanderer;Empfindung;Erfahrung;Fortgehen;Funktion;Gymnastik;Hinterhof;Kilogramm;Kreide;Liebling;Monogamie;Nagetier;Person;Regenbogen;Rückenwind;Steine;Zusammenhang;4;3;2;4;2;3;1;3;1;0;1;0;1;1;1;1;1;1;1;6;6;6;6;6;2,33333333333333;5,8;3,5;1,2;0;0;0;1;0;1;0;0;0;0;2;3
32;4;3;4;2;2;3;2;3;3;1;4;1;1;1;1;1;1;2;3;2;2;7;3;1;1;1;2;5;4;2;4;6;2;7;1;1;6;Deponieren;Endlichkeit;Ermittlung;Gaskappe;Genoßen;Holen;Konzept;Krempel;Vergangenheit;Vernunft;Aktenzeichen;Altenheim;Bewegung;Einwanderer;Empfang;Erfahrung;Fortsetzung;Funkstation;Gymnaium;Hintern;Kilogramm;Kreide;Liebhaber;Monogram;Nagetier;Person;Regenbogen;Rücksicht;Steigung;Zusammenhalt;4;3;1;4;3;3;1;3;0;2;0;0;1;1;1;0;1;1;1;6;4;6;7;7;2,5;5,8;2,7;1,5;0;0;0;0;0;0;0;0;0;0;0;1
33;1;3;2;1;2;3;1;2;4;3;4;1;1;1;1;1;2;1;1;2;1;5;4;4;3;3;2;4;5;3;4;4;3;5;3;2;6;Deposit;Endlos;Ermessen;Gaskammer;Genozid;Holprig;Konzert;Krempel;Vergangenheit;Vernichtung;Akentzeichen;Altenpfleger;Bewegung;Einwanderung;Empfindung;Erfahrung;Fortbildung;Funkloch;Gymnasium;Hinterrücks;Kilometer;Kreisel;Liebe;Monopoli;Nagel;Person;Regenschirm;Rückstand;Stein;Zusammen;4;3;2;4;2;2;1;3;1;0;1;1;1;1;1;1;1;1;1;5;4;5;5;6;3,5;4,9;2,5;1,2;0;0;0;1;1;0;0;0;0;1;3;3
36;4;3;4;4;2;4;1;3;4;3;4;1;1;2;1;1;1;1;3;3;2;2;4;4;2;1;1;4;4;3;2;4;3;4;3;2;5;Depot;Endlosigkeit;Ermahnung;Gaskammer;Genotyp;Holz;Konzentration;Krematorium;Vergangenheit;Vernunft;Akteneinsicht;Altertum;Bewegung;Einwanderung;Empfang;Erfahrung;Fortschritt;Funktion;Gymnasium;Hinterhalt;Kilogramm;Kreissäge;Liebhaber;Monotonie;Nagetier;Person;Regen;Rücksicht;Stein;Zusammenfassung;4;3;1;4;2;3;1;3;1;3;0;0;1;1;1;1;1;1;1;5;6;5;5;6;2,33333333333333;4,8;3,2;1,6;0;0;0;1;0;0;0;1;0;0;2;3
37;1;1;2;3;3;2;2;2;3;3;4;1;1;2;1;2;1;3;2;3;2;6;3;2;1;1;1;5;5;4;3;6;4;6;2;1;4;Depot;Endlosigkeit;Ermächtigung;Gaskammer;Genotyp;Holz;Konzil;Krempel;Vergangenheit;Vernunft;Aktenschrank;Altenheim;Bewerber;Einwanderer;Empfänger;Erfahrung;Fortpflanzung;Funkspruch;Gymnasium;Hinterteil;Kilogramm;Kreis;Liebkosung;Monogramm;Nagellack;Perversion;Regentropfen;Rückwärtsgang;Steigerung;Zusage;4;3;2;4;2;2;2;3;0;0;1;1;1;1;1;1;1;1;1;4;5;4;6;7;2,33333333333333;5,2;2,5;1,8;0;0;0;1;0;0;0;0;0;0;1;2
41;1;2;3;3;2;2;3;2;2;2;3;1;1;1;1;1;2;1;3;3;1;6;4;6;2;1;1;2;2;2;3;4;2;6;1;1;6;sition;ich;äßigung;artusche;ssenschaft;under;ert;pel;ngenheit;einen;nzeichen;nheim;gung;wohner;angszimmer;hrung;während;haus;asium;tertreppe;gramm;de;esspiel;ton;lstudio;onifiziert;nbogen;fall;nmetz;mmenfassung;4;3;2;4;2;2;2;4;0;1;1;1;1;1;1;1;1;1;1;6;5;6;7;7;3,33333333333333;5,1;2,4;1,5;0;0;0;0;0;0;0;0;0;0;0;3
42;2;2;4;1;1;4;1;1;3;4;5;1;1;1;1;1;1;1;1;1;1;2;2;5;1;2;1;5;5;3;1;6;2;6;2;1;4;Depot;Endlosigkeit;Ermäßigung;Gaskammer;Genozid;Holz;Konzert;Krematorium;Vergangenheit;Vernunft;Aktenzeichen;Altenheim;Bewertung;Einwanderung;Empfang;Erfahrung;Fortsetzung;Funkstille;Gymnasium;Hinterzimmer;Kilometer;Kreis;Liebe;Monogamie;Nagelbett;Person;Regen;Rücksichtslosigkeit;Stein;Zusammenarbeit;4;3;1;4;2;2;2;3;0;1;0;1;1;1;1;1;1;1;1;5;7;6;6;7;2,16666666666667;5,7;2,6;1;0;0;0;1;1;0;0;1;0;0;3;1
43;3;3;2;1;1;1;2;2;3;2;3;3;1;1;1;1;1;1;1;1;1;2;2;2;3;2;3;5;4;1;2;6;3;4;2;2;5;t;Erdling;Ermäßigung;Gaskammer;Genotyp;Holz;Konzentration;Kremmel;Vergangenheit;Verneinen;Aktenzeichen;rsheim;Bewegung;Einwohner;Empfang;Erfahrung;Fortsetzung;Funkmast;Gymnasium;Hinten;Kilogramm;Kreide;Liebe;Monopoly;Nagetier;Person;Regen;Rückwärts;Steinbruch;Zusammenhang;4;3;2;4;4;3;2;3;0;2;1;0;1;1;1;0;1;1;1;7;6;5;6;6;2,33333333333333;5,4;2;1,2;0;0;0;1;0;0;0;0;0;0;1;3
45;1;3;5;2;4;3;1;2;2;4;3;3;1;1;1;1;1;1;1;2;1;2;1;2;2;1;1;1;6;4;5;6;3;7;1;1;7;Deportation;Endlösung;Ermächtigungsgesetz;Gaskammer;Genosse;Holz;Konzert;Krematorium;Vergasen;Vernehmung;Akten;Alter;Bewegen;Einwurf;Empfänger;Erfahrung;Fortsetzung;Funken;Gymnasium;Hintergrund;Kilometer;Kreide;Lieben;Monotonie;Nagel;Person;Regen;Rücken;Stein;Zusagen;4;3;2;4;2;2;2;3;0;2;1;1;1;1;1;1;1;1;1;4;3;5;7;7;1,5;5,3;2,9;1,3;1;0;0;1;0;0;0;1;1;0;4;2
46;4;2;3;1;2;2;1;1;1;3;3;1;1;1;1;1;1;1;2;3;1;2;2;2;2;2;2;6;6;4;3;4;4;5;2;2;6;Deposition;Endlos;Ermüdung;Gaskammer;Genommen;Holster;Konzert;Krempel;Vergangenheit;Vernichten;Akteur;Alter;Bewegung;Einwandern;Empfinden;Erfahrung;Fortlaufend;Funkturm;Gymnasium;Hintergrund;Kilowatt;Kreissparkasse;Liebchen;Monoton;Nagetier;Personalien;Regement;Rückgabe;Steinig;Zusammen;4;3;1;2;3;3;2;3;1;0;0;0;1;1;0;0;1;1;1;4;5;4;6;6;2;5,2;1,9;1,3;0;0;0;1;0;0;0;0;0;1;2;2
47;3;3;3;2;2;4;2;2;3;3;4;2;2;2;2;3;3;2;2;3;2;5;4;3;2;1;1;4;5;4;6;6;4;6;2;1;5;Depot;Endlösung;Ermäßigung;Gaskammer;Genotyp;Holz;Konzentration;Krempel;Vergangenheit;Vernichtung;Aktenzeichen;Altenheim;Bewegung;Einwanderer;Empfindung;Erfahrung;Fortsetzung;Funkturm;Gymnasium;Hintertür;Kilometer;Kreiszeichen;Lieblingstier;Monolog;Nagetier;Person;Regenschirm;Rückblick;Steintor;Zusammenhalt;4;3;2;4;2;3;2;3;0;2;1;0;1;1;1;1;1;1;1;4;2;4;6;7;2,66666666666667;4,9;2,8;2,3;0;0;0;1;0;0;0;0;0;1;2;2
48;4;2;2;1;1;1;1;2;3;2;3;1;1;1;2;1;3;1;1;2;1;5;3;2;3;1;2;4;3;5;2;3;2;6;3;2;5;nie;ich;üdung;ammer;zid;z;entration;l;ngenheit;unft;n;r;gung;anderer;ang;hrung;setzung;tion;asium;ergrung;meter;s;e;poly;l;on;en;en;n;tz;4;3;1;4;2;3;2;3;0;1;0;0;1;1;1;1;1;1;1;3;6;6;5;6;2,66666666666667;4,7;1,8;1,4;0;0;0;1;1;0;0;0;0;0;2;3
51;3;2;4;3;3;2;3;2;4;4;5;1;1;1;1;1;1;1;1;1;1;5;5;2;5;3;2;4;4;5;3;3;4;5;3;3;5;Depot;Endlich;Ermäßigung;Gaskugel;Genommen;Holz;Konzentration;Krempel;Vergangenheit;Vernunft;Aktenzeichen;Altenheim;Bewegung;Einwohner;Empfindung;Erfahrung;Fortbildung;Funke;Gymnasium;Hinterteil;Kilogramm;Kreide;Liebe;Monopol;Nagelschere;Person;Regenbogen;Rücken;Stein;Zusatz;4;3;2;4;4;3;1;3;0;1;1;0;1;1;1;0;1;1;1;3;5;4;5;5;3,66666666666667;4,3;3,2;1;0;0;0;0;0;0;0;0;0;0;0;1
53;1;3;3;3;3;3;3;3;2;2;1;1;1;1;1;1;1;1;1;1;1;3;3;4;3;3;3;7;4;4;4;4;5;5;3;3;4;t;ich;öglichen;atusche;m;underblütensekt;ert;atorium;be;weh;nschrank;r;gung;wand;inden;hrung;fahren;tion;asium;en;meter;s;e;graphie;l;onennahverkehr;n;en;n;ge;4;3;2;4;2;2;2;3;0;2;1;1;1;1;1;1;1;1;1;4;4;3;5;5;3,16666666666667;4,5;2,6;1;0;0;0;0;0;0;0;1;0;0;1;2
54;2;2;3;4;4;5;2;3;4;4;5;2;1;1;1;1;1;2;2;2;1;5;3;6;1;2;1;6;6;7;5;6;2;6;1;1;6;Deposit;Endlohnung;Ermittlung;Gaskühler;Genometrie;Holz;Konzert;Krempe;Vergangenheit;Vernichtung;Aktenverzeichnius;Altenheim;Bewegung;Einwohner;Empfindung;Erfahrung;Fortsetzung;Funkgerät;Gymnasium;Hinterhalt;Kilogramm;Kreissaal;e;Monografie;Nager;Person;Regen;Rücksicht;n;Zusage;4;3;1;4;2;2;2;3;0;2;0;1;1;1;1;1;1;1;1;1;3;6;7;7;3;5,4;3,6;1,4;0;0;0;0;0;0;0;0;0;1;1;3
55;3;1;4;4;3;3;1;2;2;2;5;1;1;1;1;1;2;1;1;1;1;1;1;1;1;1;1;6;6;5;3;6;2;7;1;1;6;Deposition;Endlassung;Ermäßigung;Gaskammer;Genossenschaft;Holraum;Konztanz;Kremel;Vergalität;Verneinung;Aktenkoffer;Altenberg;Bewegung;Einwanderung;Empfang;Erfahrung;Fortschritt;Funkuhr;Gymnasium;Hinterhalt;Kilogramm;Kreide;Liebe;Monolog;Nagelschere;Persönlichkeit;Regenbogen;Rückgabe;Steigung;Zusage;4;3;2;4;2;3;1;3;0;2;1;0;1;1;1;1;1;1;1;3;5;6;7;7;1;5,9;2,7;1,1;0;0;0;1;0;0;0;0;0;0;1;2
56;4;2;2;1;3;2;2;2;3;3;3;1;1;1;1;1;1;1;1;1;1;4;4;2;2;2;2;4;4;3;5;3;3;4;2;2;5;Depositionierung;Endlich;Ermahnen;Gaskocher;Genom;Holometabol;Konzentration;Krem;Vergangenheit;Vernunft;Akte;Altersbestimmung;Bewegung;Einwanderer;Empfindung;Erfahrung;Fortpflanzung;Funktion;Gymnasium;Hintergrund;Kilogramm;Kreide;Liebevoll;Monogomie;Nagel;Person;Regenwurm;Rückzug;Stein;Zusammen;4;3;1;4;2;3;1;3;0;2;0;0;1;1;1;1;1;1;1;5;3;5;6;6;2,66666666666667;4,5;2,3;1;0;0;0;0;0;0;0;0;0;0;0;2
57;1;2;2;2;3;1;1;2;3;3;4;4;3;1;1;1;1;1;1;2;1;5;2;4;5;5;5;2;2;6;4;3;5;4;5;4;4;rtation;edigung;üdigung;ammer;ssenschaft;lister;ert;pel;ngenheit;unft;nzeichen;rsbeschränkung;gung;ohner;inden;hrung;setzung;loch;asium;erhalt;gramm;ssaal;haberin;ton;lbett;onalausweis;nschirm;zug;ßbein;mmenhalt;4;3;2;4;2;2;1;4;0;1;1;1;1;1;1;1;1;1;1;2;4;3;3;4;4,33333333333333;3,1;2,3;1,6;1;0;0;1;0;0;0;0;0;0;2;2
58;2;2;3;1;1;2;1;2;2;1;1;1;1;1;2;1;1;1;1;1;1;2;1;4;1;1;1;6;6;1;1;5;2;5;1;2;2;Depot;Endlichkeit;Ermäßigung;Gasklappe;Genom;Holz;Konzentration;Krempel;Vergangenheit;Vernunft;Aktenzeichen;Altenheim;Bewegung;Einwanderer;Empfang;Erfahrung;Fortlauf;Funktion;Gymnasium;Hintergrund;Kilogramm;Kreide;Liebe;Monolog;Nagel;Person;Regel;Rücksicht;Stein;Zusatz;4;3;1;4;2;2;1;3;0;1;0;1;1;1;1;1;1;1;1;7;7;6;7;6;1,66666666666667;5,7;1,6;1,1;0;0;0;0;0;0;0;0;0;0;0;2
59;3;3;4;4;4;3;3;3;3;4;4;2;1;1;1;3;2;1;1;1;1;4;5;2;5;3;4;2;2;4;6;2;6;5;3;3;4;Deponieren;Endlich;Ermäßigung;Gaskammer;Geno;Holz;Konzert;Kreme;Vergangenheit;Vernichten;Akten;Altersschwäche;Bewegung;Einwohner;Empfangen;Erfahrung;Fortfahren;Funkgespräch;Gymnasium;Hintergehen;Kilogramm;Kreis;Liebhaber;Monogram;Nagellack;Person;Regen;Rücken;Stein;Zusammenfassen;4;3;2;4;4;3;1;3;0;1;1;0;1;1;1;0;1;1;1;4;2;2;5;5;3,83333333333333;3,3;3,5;1,4;0;0;0;1;0;0;0;0;0;1;2;1
60;4;3;2;1;4;4;2;3;1;1;4;2;2;2;1;2;1;1;4;2;1;2;4;3;2;2;3;4;4;6;3;3;4;5;2;1;5;Deposition;Endlich;Ermüdung;Gaskartusche;Genozit;Holz;Konzentration;Kremig;Vergangenheit;Vernunft;Aktenzeichen;Alter;Bewegung;Einweihung;Empfindung;Erfahrung;Fortsetzung;Funkloch;Gymnastik;Hinterhalt;Kilogramm;Kreide;Lieblich;Monolog;Nagel;Personifikation;Regenbogen;Rücksichtslos;Steinhaufen;Zusammen;4;3;1;4;1;3;2;3;0;1;0;0;1;1;1;0;1;1;1;2;5;4;6;7;2,66666666666667;4,5;2,5;1,8;0;0;0;0;1;0;0;0;0;0;1;1
61;1;3;4;1;1;3;3;2;1;2;4;1;1;1;1;1;1;1;1;1;1;7;1;1;1;1;1;6;6;2;1;7;1;5;1;1;5;rtation;os;utigen;ammer;m;rauf;ert;atorium;ngenheit;unft;nkoffer;nheim;gung;eihung;indung;hrung;setzung;tion;asium;erhof;gramm;de;e;tonie;l;on;n;sicht;ne;mmenfassung;4;3;2;4;2;2;1;3;0;1;1;1;1;1;1;1;1;1;1;6;7;7;7;7;2;6,3;2,4;1;1;0;0;1;0;0;0;1;0;0;3;2
62;2;4;4;3;3;3;4;4;4;4;5;1;1;1;1;1;1;1;1;2;1;6;6;6;3;3;2;2;1;4;3;4;3;5;3;3;5;Depot;Endlichkeit;Ermorden;Gaskammer;Genologie;Holz;Konzept;Krempel;Vergangenheit;Vernunft;Aktenordner;Altersarmut;Bewerbung;Einwanderung;Empfindungen;ERfahrung;Fortbildung;Funkhaus;Gymnastik;Hinterhof;Kilogramm;Kreisel;Liebhaber;Monokultur;Nagelstangengummi;Persönlichkeit;Regenschirm;Rückkehr;STeinwurf;Zusammenarbeit;4;3;1;4;2;2;1;4;0;0;0;1;1;1;1;1;1;1;1;4;5;5;5;5;4,33333333333333;4,1;3,8;1,1;0;0;0;1;0;0;0;0;0;0;1;3
63;3;3;2;1;4;2;1;1;3;1;4;2;2;2;1;1;2;1;1;2;1;5;6;5;2;2;3;4;3;6;5;2;4;5;2;2;4;Deportieren;Endlosigkeit;Ermahnung;Gaskammer;Genozid;Hologramm;Konzentration;Krematorium;Vergangenheit;Vernunft;Akteur;Altenpflege;Beweglichkeit;Einwanderer;Empfehlung;Erfahrung;Fortsetzung;Funktechnik;Gymnasium;Hinterhalt;Kilogramm;Kreis;Liebe;Monopol;Nagetier;Personifizierung;Regeneration;Rückführung;Steigung;Zusammenhalt;4;3;2;4;2;3;2;3;1;9;1;0;1;1;1;1;1;1;1;2;3;4;6;6;3,83333333333333;3,9;2,2;1,5;1;0;0;1;1;0;0;1;0;0;4;3
64;4;3;4;1;3;2;1;1;4;2;5;2;1;1;1;1;1;1;1;1;1;3;2;3;1;1;1;4;4;4;3;5;3;6;1;1;6;Deponie;Endladung;Ermüdung;Gaskocher;Genotyp;Hol;Konzert;Krematorium;Verg;Vernachlässigug;Akten;Altenheim;Bewegung;Einweihung;Empfehlung;Erfahrung;Fortlauf;Funktion;Gymnasium;Hinterkopf;Kilometer;Kreissaal;Liebling;Monopol;Nagetier;Personal;Regelverstoß;Rücksicht;Steigung;Zusammenhalt;4;3;1;4;2;3;1;3;0;1;0;0;1;1;1;1;1;1;1;4;5;5;7;7;1,83333333333333;5,3;2,6;1,1;0;0;0;0;0;0;0;1;0;0;1;1
65;1;3;2;2;1;1;1;1;4;3;4;1;1;1;1;1;1;1;1;1;1;2;1;4;4;4;4;5;3;4;4;4;4;4;4;4;4;Depotation;Endlich;Ermahnen;Gaskammer;Genom;Holunder;Konzert;Krematorium;Vergangenheit;Vernaschen;Aktenzeichen;Altersarmut;Bewerbung;Einwohner;Empfindung;Erfahrung;Fortfahrend;Fumktionstüchtig;Gymnastik;Hinterrücks;Kilometer;Kreidetafel;Lieblich;Monogam;Nagetier;Persönlich;Regenwurm;Rücklicht;Stein;Zusammenhalt;4;3;2;4;2;2;2;3;0;1;1;1;1;1;1;1;1;1;1;4;4;4;4;4;3,16666666666667;4;2,2;1;0;0;0;1;0;0;0;1;0;0;2;2
66;2;3;3;1;4;2;3;2;2;2;3;1;1;1;1;1;1;1;1;2;1;2;2;2;1;2;1;2;3;2;2;6;2;5;2;2;6;Deposit;Endlichkeit;Ermunterung;Gaskammer;Genozid;Hologramm;Konzentration;Kreml;Vergangenheit;Vernunft;Aktenzeichen;Altenpflege;Bewegung;Einweisung;Empfang;Erfahrung;Fortgang;Funkuhr;Gymnasium;Hintern;Kilometer;Kreide;Liebe;Monopoly;Nagetier;Person;Regen;Rückhand;Steigbügel;Zusatzaufgabe;4;3;1;4;1;2;2;4;0;1;0;1;1;1;1;0;1;1;1;6;6;6;6;6;1,66666666666667;5,2;2,5;1,1;0;0;0;1;1;0;0;0;0;0;2;3
68;4;4;4;3;3;3;3;3;4;4;4;1;1;1;1;1;2;1;1;1;1;6;6;1;5;5;7;4;3;5;6;3;4;3;3;5;4;Deponie;Endlich;Ermahnung;Gaskammer;Genom;Holland;Konzert;Krempelladen;Vergangenheit;Vernunft;Aktenzeichen;Altenheim;Bewegung;Einwand;Empfindung;Erfahrung;Fortsetzung;Funktion;Gymnasium;Hinterland;Kilogramm;Kreis;Liebschaft;Monographie;Nagellack;Person;Regenbogen;Rückwärts;Stein;Zusage;4;3;1;4;2;3;1;3;0;2;0;0;1;1;1;1;1;1;1;3;2;4;5;3;5;3,4;3,5;1,1;0;0;0;1;0;0;0;0;0;0;1;2
71;3;3;4;4;3;4;3;3;2;2;4;2;2;2;2;1;2;1;3;2;2;2;2;2;2;2;2;3;3;2;2;4;2;5;2;1;4;Depot;Endlichkeit;Ermässigung;Gaskammer;Genogramm;Holokaust;Konzentration;Kremmel;Vergangenheit;Vernunft;Akteur;Altenheim;Bewegung;Einwanderungsbehörde;Empfang;Erfahrung;Fortbildung;Funktion;Gymnastik;Hintern;Kilogramm;Kreisel;Liebe;Monogramm;Nagelhaut;Person;Regeneration;Rücken;Steigung;Zusammenhalt;4;3;2;4;2;3;1;3;1;0;1;0;1;1;1;1;1;1;1;6;6;6;6;7;2;5;3,2;1,9;0;0;0;1;0;1;0;0;0;0;2;2
72;4;2;4;3;4;4;3;3;2;3;3;1;1;1;1;1;1;1;1;1;1;5;3;5;2;2;2;4;4;3;4;4;4;4;4;4;4;Depot;Endlich;Ermitteln;Gaskocher;Genophobie;Holdung;Konzert;Krempel;Vergabe;Vernebeln;Aktenschrank;Altenheim;Bewegung;Einwandern;Empfang;Erfahrung;Fortfahren;Funker;Gymnasium;Hintern;Kilogramm;Kreide;Liebe;Monographie;Nagetier;Person;Regenbogen;Rücklauf;Stein;Zusammen;4;3;1;4;2;3;1;3;0;1;0;0;1;1;1;1;1;1;1;5;4;4;4;4;3,16666666666667;4,1;3,1;1;0;0;0;0;0;0;0;0;0;0;0;3
73;1;3;4;2;3;2;4;4;2;2;4;4;1;1;1;1;1;1;1;1;1;2;2;2;1;2;2;6;6;2;2;5;2;5;2;2;5;Depolarisation;Endlos;Ermächtigung;Gaskabine;Genom;Holz;Konzentration;Krempel;verganer;Verneinung;0;Altenpflege;bewegung;Einwanderung;Empfang;Erfahrung;Fortpflanzung;Funktstille;Gymnastik;Hinterhalt;Kilometer;Kreide;Liebe;Monoton;Nagelack;Persönlichkeit;Regel;Rückzug;Steigung;Zusammenhalt;4;3;2;4;2;2;1;3;0;1;1;1;1;1;1;1;1;1;1;6;6;6;6;6;1,83333333333333;5,7;3;1,3;0;0;0;0;0;0;0;0;0;0;0;1
74;2;5;5;3;3;2;1;3;5;4;5;2;1;1;1;1;1;1;2;1;1;1;1;7;1;1;1;4;4;1;1;5;1;6;1;1;7;Depot;Endlos;Ermäßigung;Gasknopf;0;Holz;Konzert;Krem;Vergangenheit;unft;Akten;Alter;Bewegung;Einwanderung;Empfang;Erfahrung;Fortpflanzung;Funktional;Gymnastik;Hintergrung;Kilometer;Kreide;Liebe;Monopol;Nagellack;Persien;Regenbogen;Rücksicht;Stein;Zusage;4;3;1;4;1;2;1;4;1;3;0;1;1;1;1;0;1;1;1;7;7;7;7;7;2;6,1;3,6;1,2;0;0;0;0;0;0;0;0;0;0;0;2
75;3;4;4;3;3;3;3;2;4;3;4;1;1;1;1;1;2;1;2;2;1;4;3;4;3;3;3;5;5;4;3;5;3;5;2;2;4;rtation;os;ächtigung;ammer;typ;en;entration;pel;ngenheit;ichtungslager;nzeichen;rnative;gung;anderung;ang;hrung;bewegung;haus;asium;erhalt;gramm;s;haber;gamie;tier;onen;nschauer;kehr;nkreis;mmenhalt;4;3;2;4;2;3;1;4;0;1;1;0;1;1;1;1;1;1;1;4;5;5;6;6;3,33333333333333;5;3,3;1,3;1;0;0;1;0;0;0;0;0;0;2;3
76;4;2;3;1;3;1;2;2;3;3;5;2;1;2;1;1;1;2;1;2;1;2;1;4;1;1;1;5;6;1;1;5;2;5;1;1;5;Depot;Endlosigkeit;Ermäßigung;Gaskammer;Genossenschaft;???;Konzert;?;Vergangenheit;Vernunft;Aktenzeichen;Altenheim;Bewegung;Einwilligung;Empfindung;Erfahrung;Fortsetzung;Funktion;Gymnasium;Hinterhalt;Kilogramm;Kreis;Liebe;Monogamie;Nagetier;Person;Regen;Rücksicht;Stein;Zusammenarbeit;4;3;1;4;2;3;1;4;0;1;0;0;1;1;1;1;1;1;1;7;7;6;7;7;1,66666666666667;6;2,5;1,4;0;0;0;1;0;0;0;0;0;0;1;3
80;4;3;4;1;3;3;2;1;4;3;4;2;2;2;1;1;1;1;1;1;1;2;2;2;2;2;2;3;2;3;3;2;1;4;1;1;4;Deposition;Endlosschleife;Ermäßigung;Gasknopf;Genom;Holunderblüte;Konzert;Krempel;Vergangenheit;Verneinung;Aktentasche;Altersschwäche;Bewegung;Einwanderer;Empfang;Erfahrung;Fortschritt;Funkantenne;Gymnasium;Hinterhof;Kilogramm;Kreis;Liebschaft;Monopol;Nagelbett;Personal;Regentropfen;Rückmeldung;Steinigung;Zusage;4;3;1;4;2;3;1;3;0;1;0;0;1;1;1;1;1;1;1;5;5;7;7;7;2;4,6;2,8;1,3;0;0;0;0;0;0;0;0;0;0;0;2
81;1;3;4;3;4;4;4;3;4;4;4;2;1;1;1;1;1;1;3;2;1;4;4;5;3;2;3;5;5;3;2;5;4;6;2;2;5;Deposieren;Endlosigkeit;Ermittlung;Gaskocher;typ;land;Konzentration;Krematorium;Vergasen;achlässigen;Aktenzeichen;Altenheim;Bewegungsfreiheit;Einwanderer;Empfang;Erfahrungsraum;Forsatz;Funkstille;Gymnasium;Hinterhalt;Kilogramm;Kreisel;e;Monopoly;Nagelstudio;Personalakte;Regentage;enschmerzen;Stein;tzleistung;4;3;2;4;2;2;1;3;1;0;1;1;1;1;1;1;1;1;1;5;6;4;6;6;3,5;5,3;3,7;1,4;0;0;0;0;0;0;0;1;1;0;2;1
82;2;1;3;3;2;2;1;3;5;2;4;1;1;1;1;1;2;1;3;3;1;3;3;2;2;1;1;5;5;2;2;5;2;6;1;1;6;Depot;Endlosschleife;Ermäßigung;Gaskammer;Genossenschaft;Holz;KONZERT;Krempe;Vergangenheit;Vernunft;Aktenordner;Altersvorsorge;Bewegung;Einwand;Empfang;Erfahrung;Fortgang;Funktion;Gymnasium;Hintertür;Kilogramm;Kreide;Liebling;Monolog;Nagel;Person;Regen;Rücken;Steine;Zusage;4;3;1;4;2;2;1;4;1;1;0;1;1;1;1;1;1;1;1;6;6;6;7;7;2;5,9;2,6;1,5;0;0;0;1;0;0;0;0;0;0;1;2
83;3;3;4;1;3;4;1;2;4;5;5;1;1;1;1;1;1;1;2;1;1;2;2;4;5;2;1;1;1;5;5;2;3;2;2;3;4;rtation;os;ahnung;onzentration;zid;and;ern;el;ser;unft;nschrank;rnative;gung;ohner;ehlung;hrung;pflanzung;tion;astik;ergrund;byte;de;estrank;ton;tier;on;neration;blick;nigung;ge;2;3;2;4;2;3;2;3;0;1;1;0;0;1;1;1;1;1;1;3;3;5;6;5;2,66666666666667;3,2;3,2;1,1;1;0;0;0;1;0;0;0;0;0;2;1
85;1;3;2;2;1;1;2;1;4;4;3;4;2;1;1;1;2;1;1;3;1;2;3;2;1;1;2;5;6;4;1;6;2;5;2;1;6;Depot;Endlosschleife;Ermittler;Gaskammer;Genom;Hologramm;Konzert;Krempel;Vergangenheit;Vernunft;Akten;nheim;Bewegung;Einwanderung;Empfinden;Erfahrung;Fortbewegung;Funkgerät;Gymnasium;Hinterteil;Kilogramm;Kreissaal;Liebhaber;Monokel;Nagetier;Personal;Regenschirm;Rücktritt;Stein;Zusammenhalt;4;3;2;4;2;2;1;3;0;1;1;1;1;1;1;1;1;1;1;4;7;6;6;7;1,83333333333333;5,8;2,3;1,7;0;0;0;1;0;0;0;0;0;0;1;1
86;2;2;3;3;4;2;3;3;2;5;5;2;1;1;1;1;2;1;2;2;1;4;5;5;3;3;3;4;5;4;3;4;3;3;3;3;4;sition;los;äßigung;ulum;m;z;entration;pel;ngenheit;unft;n;rn;gung;anderung;inden;hrung;pflanzung;tion;asium;er;gramm;se;e;pol;n;on;n;blick;gerung;mmen;4;3;1;4;2;2;1;3;0;1;0;1;1;1;1;1;1;1;1;4;5;5;5;5;3,83333333333333;4,4;3,2;1,4;0;0;0;0;0;0;0;0;0;0;0;1
87;3;2;4;3;3;4;2;3;3;4;4;2;1;1;1;1;1;2;1;2;1;3;6;4;3;3;3;4;4;5;5;4;3;4;3;2;6;Depot;Endlos;Ermutigung;Gaskugel;Genom;Holz;Konzert;Krempel;Vergangenheit;Vernunft;Akten;Altenheim;Bewegung;Einweihung;Empfang;Erfahrung;Fortschritt;Funkstille;Gymnasium;Hintertür;Kilometer;Kreis;Liebe;Monopol;Nagetier;Person;Regen;Rückblick;Stein;Zusage;4;3;2;3;2;3;1;3;0;1;1;0;1;1;0;1;1;1;1;3;3;5;5;6;3,66666666666667;4,4;3,2;1,3;0;0;0;0;0;0;0;0;0;0;0;1
88;4;3;2;1;1;2;1;2;4;2;3;1;1;1;1;1;1;1;1;2;1;3;3;3;2;2;2;5;5;4;3;3;4;6;3;2;5;Deponie;Endlösung;Ermessen;Gaskoffer;Genotyp;Holster;Konzert;Kremel;Vergassung;Vernunft;Aktenzeichen;Altersbetreuung;Bewegung;Einwanderer;Empfindung;Erfahrung;Fortschritt;Funkgerät;Gymnasium;Hinterhalt;Kilogramm;Kreis;Lieblichkeit;Monopoly;Nagetier;Person;Regenrinne;Rücksicht;Steigung;Zusage;4;3;1;4;2;3;2;4;0;0;0;0;1;1;1;1;1;1;1;4;5;4;5;6;2,5;4,8;2,1;1,1;0;0;0;0;0;0;0;0;0;0;0;3
89;1;2;4;3;2;3;1;2;2;2;3;4;1;1;1;1;2;1;1;2;1;4;6;5;4;3;4;4;4;4;3;5;4;3;4;4;4;nie;ich;äßigung;ammer;zid;z;ern;mpel;ser;etzen;nkoffer;npfleger;gung;ohner;ang;hrung;setzung;gerät;asium;en;gramm;slauf;e;graphie;lpfeile;onalausweis;n;sicht;nzeit;mmen;4;3;2;1;2;2;1;3;0;3;1;1;1;1;0;1;1;1;1;4;5;4;4;4;4,33333333333333;4,1;2,4;1,5;0;0;0;1;1;0;0;0;0;0;2;1
90;2;4;5;4;4;4;3;4;3;2;4;2;1;1;1;1;1;1;2;2;1;6;7;4;2;1;1;2;2;4;2;3;6;6;3;3;5;Depot;Endlosschleife;Ermäßigung;Gaskammer;Genozid;Holländer;Konzentration;Krempel;Vergangenheit;Vernunft;Aktenzeichen;Altertum;Bewegung;Einwanderer;Empfindung;Erfahrung;Fortschritt;Funkwellen;Gymnasium;Hinterzimmer;Kilometer;Kreis;Liebhaber;Monographie;Nagetier;Person;Regenschirm;Rücksicht;Steinigung;Zusammenhalt;4;3;1;4;2;2;1;3;0;2;0;1;1;1;1;1;1;1;1;4;6;2;5;5;3,5;4;3,7;1,3;0;0;0;1;1;0;0;0;0;0;2;2
91;3;2;3;3;3;3;1;3;4;4;3;1;2;1;1;1;2;1;1;1;1;4;3;3;3;2;2;5;5;2;2;6;2;6;1;1;6;nie;losigkeit;äßigung;ammer;zid;z;ilianisch;l;ngenheit;achlässigung;nkundig;nheim;gung;wohnermeldeamt;ang;hrung;setzung;turm;asium;erhalt;gramm;de;lich;kausal;tier;on;nmantel;fall;nhaus;mmenhang;4;3;2;4;2;3;2;3;0;1;1;0;1;1;1;1;1;1;1;6;6;6;7;7;2,83333333333333;6;2,9;1,2;0;0;0;1;1;0;0;0;0;0;2;3
92;4;3;4;1;1;1;2;2;1;3;3;1;3;1;1;1;1;1;1;3;1;4;6;2;2;2;2;4;4;3;1;5;5;5;2;2;5;Depot;Endlastung;Ermäßigung;Gaskammer;Genotech;Holland;Konzentration;Krempel;Vergangenheit;Vernunft;n;Altersheim;Bewegung;Einwendung;Empfang;Erfahrung;Fortpflanzung;Funkloch;Gymnasium;Hintergrund;Kilogramm;Kreis;Liebschaft;Monoton;Nagel;Person;Regenbogen;Rückfall;Steigung;Zusammenhalt;4;3;1;4;4;3;1;3;0;1;0;0;1;1;1;0;1;1;1;5;7;3;6;6;3;5;2,1;1,4;0;0;0;1;0;0;0;0;0;0;1;3
93;1;3;3;3;2;3;3;3;4;4;4;1;1;1;1;1;1;1;1;1;1;3;3;1;1;1;1;5;5;2;2;4;6;4;2;1;5;t;ösung;äßigung;ammer;zid;ocaust;ert;el;ngenheit;unft;nzeichen;nheim;rbung;eihung;ängnis;hrung;schritt;tion;asium;ern;gramm;de;e;theismus;tier;on;nschirm;sicht;n;ge;4;3;2;4;2;2;1;3;0;1;1;1;1;1;1;1;1;1;1;6;6;2;6;7;1,66666666666667;5;3,2;1;0;0;0;1;1;1;0;0;0;0;3;2
97;1;2;4;1;2;2;2;3;3;4;4;3;2;3;1;1;1;3;2;2;2;2;2;5;3;1;1;5;6;3;2;6;3;7;1;2;5;t;ich;äßigungsrabattcode;ammer;zid;underblütensirup;entration;mel;ngenheit;unft;nzeichen;rsheimpersonal;gungsablauf;anderer;ängnis;hrung;pflanzugsprämissen;mast;asium;ergrund;joule;s;e;poly;tier;onalfachfrau;lmäßigkeit;ennummer;gung;mmen;4;3;2;2;2;2;2;3;0;1;1;1;1;1;0;1;1;1;1;5;6;5;7;6;2,33333333333333;5,8;2,7;2;0;0;0;1;1;0;0;0;0;0;2;1
98;2;3;4;2;3;1;2;3;3;4;4;1;1;1;1;1;1;1;1;2;1;5;3;4;2;5;2;3;4;7;5;3;5;4;5;2;5;Depot;Endlosschleife;Ermäßigung;Gaskammer;Genozid;Holz;Konzert;Krematorium;Vergangenheit;Vernichtung;Aktenordner;Altenheim;Bewegung;Einwohner;Empfindsamkeit;Erfahrung;Fortbildung;Funkloch;Gymnasium;Hinterhalt;Kilogramm;Kreide;Liebschaft;Monopol;Nagellack;Person;Regen;Rückmeldung;Stein;Zusatz;4;3;1;4;2;2;1;3;1;9;0;1;1;1;1;1;1;1;1;1;3;3;3;6;3,5;3,5;2,9;1,1;0;0;0;1;1;0;0;1;0;1;4;3
99;3;3;2;2;3;3;2;2;4;4;4;1;1;1;1;1;1;1;1;1;1;4;5;5;5;5;5;5;4;4;3;4;4;5;3;2;5;Depot;Endlichkeit;Ermessen;Gaskammer;Genotyp;Holster;Konzert;Krempel;Vergangenheit;Vernissage;Aktenzeichen;Altenheim;Bewegung;Einwanderer;Empfinden;Erfahrung;Fortpflanzung;Funkturm;Gymnasium;Hintertür;Kilogramm;Kreis;Liebe;Monopol;Nagel;Personal;Regenschirm;Rücksicht;Stein;Zusage;4;3;2;4;2;3;2;3;0;2;1;0;1;1;1;1;1;1;1;4;5;4;5;6;4,83333333333333;4,7;2,9;1;0;0;0;1;0;0;0;0;0;0;1;2
100;4;4;4;3;4;3;1;3;3;3;4;1;1;1;1;1;1;1;1;1;1;2;1;1;1;1;1;4;5;1;1;5;1;5;1;1;5;Deportation;Endlosigkeit;Ermäßigung;Gaskammer;Genozid;Holz;Konzert;Krempel;Vergangenheit;Vernachlässigung;Aktenzeichen;Alterung;Bewegung;Einwanderung;Empfindung;Erfahrung;Fortschritt;Funkstille;Gymnastik;Hintertür;Kilogramm;Kreis;Liebe;Monopol;Nagetier;Personen;Regen;Rücksicht;Steigung;Zusammenhalt;4;3;1;4;2;3;1;3;0;1;0;0;1;1;1;1;1;1;1;7;7;7;7;7;1,16666666666667;5,9;3,2;1;1;0;0;1;1;0;0;0;0;0;3;2
101;1;3;4;3;2;2;1;1;4;4;4;1;1;1;1;1;1;1;1;1;1;6;2;4;4;4;4;4;5;4;4;4;4;4;4;4;5;deposit;endlos;ermahnung;gaskörper;genozid;holunder;konzentration;krematorium;vergangenheit;vernissage;aktenberg;altenheim;bewegung;einwohner;empfang;erfahrung;fortbestand;funkhaus;gymnasium;hintermann;kilogramm;kreisel;liebhaber;monopoly;nagetier;person;regel;rückmeldung;stein;zusage;3;3;2;4;2;2;2;3;1;0;1;1;0;1;1;1;1;1;1;4;4;4;4;4;4;4,2;2,8;1;0;0;0;0;0;0;0;1;0;0;1;3
102;2;3;4;3;2;2;1;3;2;4;5;2;1;2;1;1;1;2;2;3;2;3;2;1;2;2;3;5;6;3;1;5;2;6;2;1;6;Deportation;Endlich;Ermittlung;Gaskammer;Genommen;Hologram;Konzern;Krempel;Vergangenheit;Vernunft;Akten;Alternative;Bewegung;Einwurf;Empfindung;Erfahrung;Fortpflanzung;Funkspruch;Gymnastik;Hinterhalt;Kilogramm;Kreide;Liebhaber;Monobraue;Nagetier;Personalausweis;Regen;Rückrad;Stein;Zusagen;4;3;1;4;2;2;1;3;0;1;0;1;1;1;1;1;1;1;1;5;7;6;6;7;2,16666666666667;5,9;2,9;1,7;1;0;0;1;0;0;0;0;0;0;2;1
104;4;1;3;2;3;2;2;2;4;3;5;3;1;1;1;1;1;1;1;1;1;6;4;3;3;4;4;3;2;5;5;5;4;5;3;1;6;Depot;Endlich;Ermässigung;Gaskammer;Genotyp;Holzbein;Konzentration;Kreml;Vergangenheit;Vernunft;Aktenkoffer;Alter;Bewegung;Einwanderer;Empfang;Erfahrung;Fortschritt;Funkhaus;Gymnasium;Hintern;Kilogramm;Kreide;Liebe;Monopol;Nagetier;Person;Regenschirm;Rückenmark;Steil;Zusage;4;3;1;2;2;3;2;4;0;2;0;0;1;1;0;1;1;1;1;3;3;4;5;7;4;4,3;2,7;1,2;0;0;0;1;0;0;0;0;0;0;1;2
105;1;1;2;2;2;2;2;1;3;1;2;1;1;1;1;1;3;1;1;2;1;2;2;3;2;2;1;4;3;2;1;4;3;5;2;1;6;Depot;Endlichkeit;Ermahnung;Gaskammer;Genozid;Holstein;Konzern;Krempel;Vergasung;Vernichtung;Akte;Altersheim;Bewegung;Einwanderung;Empfindung;Erfahrung;Fortsetzung;Funktionär;Gymnasiast;Hinterwäldler;Kilogramm;Kreis;Liebe;Monopol;Nagetier;Person;Regel;Rückenmark;Steigung;Zusatz;4;3;2;4;2;2;2;3;0;1;1;1;1;1;1;1;1;1;1;6;7;5;6;7;2;5,3;1,8;1,3;0;0;0;1;1;0;0;0;1;1;4;3
106;2;3;4;2;1;3;1;2;3;3;4;1;1;1;1;1;1;1;2;1;1;2;2;5;1;2;2;3;5;5;2;5;2;6;2;2;6;Depot;Endlager;Ermittlung;Gaskammer;Genozid;Holz;Konzentration;Krempel;Vergangenheit;Vernunft;Aktenzeichen;Altersheim;Bewegung;Einwanderung;Empfang;Erfahrung;Fortsetzung;Funkstation;Gymnastik;Hintergrund;Kilogramm;Kreißsaal;Liebeskummer;Monolog;Nagel;Person;Regent;Rücken;Stein;Zusammenhalt;4;3;1;4;2;2;2;3;0;1;0;1;1;1;1;1;1;1;1;3;6;6;6;6;2,33333333333333;5,2;2,6;1,1;0;0;0;1;1;0;0;0;0;0;2;3
107;3;1;2;2;3;3;2;2;4;4;4;1;1;1;1;2;2;1;1;1;1;6;6;5;3;6;5;2;2;6;7;4;6;3;5;2;4;Deportation;Endlich;Ermäßigt;Gaskammer;Genozid;Holocaust;Konzentriert;Krematorium;Vergangenheit;Vernichtung;Akteneinsicht;Altersarmut;Beweggründe;Einwohner;Empfängnis;Erfahrung;Fortsetzung;Funkstille;Gymnasium;Hinterhalt;Kilowatt;Kreisrund;Liebe;Monotonie;Nagel;Persönlichkeit;Regelrecht;Rücksicht;Steigung;Zusammengehörigkeit;4;3;2;4;4;3;2;3;1;1;1;0;1;1;1;0;1;1;1;2;1;2;3;6;5,16666666666667;2,9;2,7;1,2;1;0;0;1;1;1;0;1;0;1;6;3
108;4;2;3;1;2;3;3;1;2;2;3;3;1;1;1;1;2;2;2;4;2;4;4;3;2;2;2;5;6;3;3;5;2;4;2;2;4;Deponieren;Endlich;Ermutigung;Gaskammer;Genossen;Holprig;Konzentration;Krempell;Vergasen;Vernunft;Akten;Alter;Bewerbung;Einwand;Empfang;Erfahrung;Fortfahren;Funktion;Gymnasium;Hinterhof;Kilogramm;Kreis;Liebe;Monoton;Nagel;Person;Regel;Rücksichtslos;Stein;Zusammen;4;3;1;4;2;3;1;2;0;0;0;0;1;1;1;1;1;1;1;5;5;6;6;6;2,83333333333333;5,2;2,2;1,9;0;0;0;1;0;0;0;0;1;0;2;3
109;1;3;2;1;1;2;1;1;3;3;4;2;1;1;1;2;1;1;1;1;1;4;3;2;2;1;1;5;5;2;1;6;3;5;1;1;6;Depot;Endlichkeit;Ermahnung;Gaskammer;Genomen;Holschuld;Konzentration;Kreme;Vergangenheit;Vernunft;Akten;Altersdurchschnitt;Bewegung;Einwanderung;Empfang;Erfassung;Fortpflanzung;Funkloch;Gymnasium;Hinterhof;Kilogramm;Kreisel;Liebe;Monotonie;Nagetier;Person;Regen;Rücken;Steigerung;Zusage;4;3;2;4;2;2;1;3;1;9;1;1;1;1;1;1;1;1;1;6;7;5;7;7;2,16666666666667;5,9;2,1;1,2;0;0;0;1;0;0;0;0;0;0;1;1
110;2;3;4;1;1;3;1;2;4;3;5;2;1;1;1;1;3;1;2;1;1;2;2;5;1;1;1;3;4;2;3;6;2;6;1;1;6;Depot;Endlos;Ermittlung;Gaskocher;Genotyp;Holen;Konzentration;0;Vergasen;Vernunft;Aktenzeichen;Alter;Bewegung;Einwanderer;Empfänger;Erfahrung;Fortbildung;Funkeln;Gymnasium;Hinterhalt;Kilogramm;Kreide;Liebling;Monopol;Nagelpfeile;Person;Regenbogen;Rückhand;Steif;Zusammen;4;3;1;4;2;2;1;4;0;1;0;1;1;1;1;1;1;1;1;6;5;6;7;7;2;5,6;2,7;1,4;0;0;0;0;0;0;0;0;1;0;1;1
112;4;4;5;5;4;3;3;3;3;5;5;1;1;1;1;1;1;1;1;1;1;6;6;6;7;5;6;1;1;7;7;3;4;3;7;6;2;Depot;Endlos;Ermahnung;Gaskammer;Genozid;Holz;Konzentration;Kremmel;Vergangenheit;Vernunft;Aktenzeichen;Altenheim;Bewegung;Einwanderer;Empfindung;Erfahrung;Fortsetzung;Funkuhr;Gymnasium;Hinterrad;Kilogramm;Kreide;Liebevoll;Monogamie;Nagel;Personalausweis;Regen;Rücken;Stein;Zusammenhalt;4;3;1;4;2;3;2;3;0;1;0;0;1;1;1;1;1;1;1;1;1;4;1;2;6;1,9;4;1;0;0;0;1;1;0;0;0;0;0;2;3
115;3;3;4;3;4;1;3;3;4;5;4;1;1;1;2;1;2;1;2;2;1;5;6;4;6;4;4;3;3;3;2;2;6;3;3;3;6;Deportation;Endlichkeit;Ermüdung;Gaskammer;Genotyp;Holocaust;konzert;Krempeln;vergaser;Vernunft;Aktenzeichen;Alter;bewegung;Einwohner;Empfangen;Erfahrung;Fortschritt;Funktion;Gymnasium;Hinterlassen;Kilometer;Kreide;Liebhaber;monomorphismus;nagellack;Personifikation;Regenschauer;Rücksichtslos;Steigerung;Zusammensetzung;4;3;2;2;2;3;2;4;1;0;1;0;1;1;0;1;1;1;1;5;6;2;5;5;4,83333333333333;4;3,4;1,4;1;0;0;1;0;1;0;0;0;0;3;1
117;1;1;3;1;3;2;4;2;1;2;3;4;4;1;1;1;2;1;2;3;1;1;3;4;5;1;6;1;1;7;5;2;6;1;5;4;3;Depot;Endlösung;Ermäßigung;Gaskocher;Genosse;Holz;Konzentration;Krempel;Vergangenheit;Vernunft;Akten;Altersheim;Bewegung;Einwohner;Empfindung;Erfahrung;Fortbildung;Funkstille;Gymnasium;Hinterlassenschaft;Kilogramm;Kreide;Liebe;Monolog;Nagel;Person;Regelung;Rückzug;Stein;Zusage;4;3;2;4;2;2;2;3;0;0;1;1;1;1;1;1;1;1;1;1;3;2;3;4;3,33333333333333;2,1;2,2;2;0;0;0;0;0;0;0;0;0;0;0;2
119;3;4;4;3;2;2;4;4;3;4;3;3;1;1;1;1;1;1;1;1;1;4;5;5;3;2;3;4;3;3;3;5;3;3;3;3;5;Depot;Endlich;Ermäßigung;-;Genossenschaft;Holunder;Konzentration;Kreme;Vergangenheit;Vernunft;Aktenordner;Alter;Bewegung;Einwanderung;Empfang;Erfahrung;Fortlauf;Funkmast;Gymnastik;Hinterland;Kilogramm;Kreis;Liebhaber;Monopol;Nagetier;Person;Regen;Rücken;Stein;Zusammenhalt;4;3;2;4;2;3;1;3;0;1;1;0;1;1;1;1;1;1;1;5;5;5;5;5;3,66666666666667;4,5;3,3;1,2;0;0;0;0;0;0;0;0;0;0;0;2
